Workbook

Sheet S2赛程
B1: steam链接 | C1: 队名 | D1: 胜 | E1: 负 | I1: steam链接 | J1: 队名 | K1: 胜 | L1: 负
B2: https://steamcommunity.com/profiles/76561198148199573/ | C2: 赤夜紫雨（猛虎下山） | F2: W1 | I2: https://steamcommunity.com/profiles/76561198114117906/ | J2: 秋（Unbowed ） | M2: W1 | O2: W1
B3: https://steamcommunity.com/profiles/76561198301936498/ | C3: 大蟑螂（微雨绸缪2.0） | F3: W2 | J3: 兆焱（我冠了） | M3: W2
A4: 大大大 | B4: https://steamcommunity.com/profiles/76561198845853751/ | C4: yuuu（Chu Ni Byo） | F4: W3 | H4: 小小小 | I4: https://steamcommunity.com/profiles/76561198216148128/ | J4: coconut（椰子岛） | M4: W3 | O4: W4
B5: https://steamcommunity.com/profiles/76561198227985060/ | C5: summer（三万匹磁力） | F5: W4 | J5: 尤也（魂里尤猪仙） | M5: W4
B6: https://steamcommunity.com/profiles/76561198114295313/ | C6: 蜡笔大雪（雪批的奇妙冒险） | F6: G | I6: https://steamcommunity.com/profiles/76561198341323392/ | J6: 所念皆星河（神人之家） | M6: G
B7: https://steamcommunity.com/profiles/76561198227985060/ | C7: 雲天河（YYPKW） | F7: G | J7: starling（难民收容所） | M7: G | O7: W2
G8: 小组bo1循环（3.23~3.29）
C9: 对战 | D9: 比赛 | E9: 截图 | J9: 对战 | K9: 比赛 | L9: 截图 | O9: W3
C10: 赤夜紫雨（猛虎下山） VS 大蟑螂（微雨绸缪2.0） | J10: A VS B
C11: 赤夜紫雨（猛虎下山） VS yuuu | J11: A VS C
C12: 赤夜紫雨（猛虎下山） VS summer（三万匹磁力） | J12: A VS D | O12: W3
C13: 赤夜紫雨（猛虎下山） VS 蜡笔大雪（雪批的奇妙冒险） | J13: A VS E
C14: 赤夜紫雨（猛虎下山） VS 雲天河（YYPKW） | J14: A VS F | O14: W2
C15: 大蟑螂（微雨绸缪2.0） VS yuuu | J15: B VS C
C16: 大蟑螂（微雨绸缪2.0） VS summer（三万匹磁力） | J16: B VS D
C17: 大蟑螂（微雨绸缪2.0） VS 蜡笔大雪（雪批的奇妙冒险） | J17: B VS E | O17: W4
C18: 大蟑螂（微雨绸缪2.0） VS 雲天河（YYPKW） | J18: B VS F
C19: yuuu VS summer（三万匹磁力） | J19: C VS D
C20: yuuu VS 蜡笔大雪（雪批的奇妙冒险） | J20: C VS E | O20: W1
C21: yuuu VS 雲天河（YYPKW） | J21: C VS F
C22: summer（三万匹磁力） VS 蜡笔大雪（雪批的奇妙冒险） | J22: D VS E
C23: summer（三万匹磁力） VS 雲天河（YYPKW） | J23: D VS F
C24: 蜡笔大雪（雪批的奇妙冒险） VS 雲天河（YYPKW） | J24: E VS F
A67: 🌧️ 微雨杯 S2「醉耀春锋」已开启报名 衷心感谢尤总、leo、马来王子、廷总、晓锅匠（排名不分先后）慷慨相助，以热忱护热爱，以心意赴赛场，让每一份拼搏都有荣光可赴。 微雨杯 S2「醉耀春锋」赛制将在S1赛制基础上进行优化升级。确保每个参赛选手获得更公平、更均衡、更有趣的游戏体验。 🏆 战队名次之赏 🥇 冠军战队 •葡萄白酒🍇🍶×1：以清冽琼浆，敬登顶之荣耀 •智力斗篷挂饰🧙‍♂️×1：以魔法之纹，承运筹之智慧 •自选 DOTA2 冰箱贴🧊×1：以方寸印记，藏赛场之回忆 •队长专属：敦煌福鹿呈祥杯🥂×1：以祥瑞之器，载战队之锋芒 🥈 亚军战队 •智力斗篷挂饰🧙‍♂️×1 •自选 DOTA2 冰箱贴🧊×1 •队长专属：敦煌福鹿呈祥杯🥂×1 🥉 季军战队 •自选 DOTA2 冰箱贴🧊×1 •队长专属：敦煌福鹿呈祥杯🥂×1 🎙️ 解说专属馈赠 所有解说均可获得解说积分，可兑换各类 DOTA2 周边 🎁 解说小肥羊、苹果君，另赠马来西亚特产巧克力 🍫，以一缕甜意，致谢声声相伴。 🌟 个人数据殊荣 以数据证锋芒，以坚守换嘉奖。 本赛季各位置佼佼者，将获天府鱼子酱 🥢： •分均经济最高・一号位 •分均经验最高・二号位 •承伤/经济最高・三号位 •参战最高・四号位 •助攻最多・五号位 ⚔️ 趣味 SOLO 赛 赛季同期开放SOLO 挑战赛，各路英雄可孤身赴战 胜者将获神秘惊喜奖品，悬念静待揭晓 ✨ 愿微雨为伴，举杯共竞； 以热爱为刃，以兄弟为盾，不负每一场奔赴。 ***特别注意：** 1.比赛中禁止嘲讽、压力、辱骂队友与对手，文明竞技，尊重每一位选手。 2.请确认自身时间可正常参赛，尽量避免多次迟到、无故弃赛。 若违反以上规定，上帝有权直接斩杀。 报名链接：https://wj.qq.com/s2/25994373/df52/ 报名前请确保已填写群表格并参与过内战（见群公告） 更多dota2周边👇 淘宝：微雨dota2

Sheet S2拍卖
A1: 🏆S1冠军🏆为：21、洋芋、黑色柳丁、柬埔寨智慧笼、coconut
A2: 序号 | B2: 微信昵称 | C2: 战力 | D2: 分数 | E2: 主选定位 | F2: 次选定位 | G2: 内冠次数 | H2: 自我介绍
A3: 1 | B3: 风Ain-t | C3: 88 | D3: 8750 | E3: 一 | F3: 二、三 | G3: 1 | H3: cc是我师傅（热辣舞男） | L3: 战力 | M3: 剩余金额 | P3: 战力 | Q3: 剩余金额
A4: 2 | B4: 笑败 | C4: 84 | D4: 8330 | E4: 一 | F4: 三 | G4: 4 | H4: 一三摇摆，二也能摇 | J4: 兆焱 | K4: 330 | L4: 90 | M4: =K4-K5-K6-K7-K8 -> 0 | N4: 秋 | O4: 330 | P4: 90 | Q4: =O4-O5-O6-O7-O8 -> 0
A5: 3 | B5: 蒙面加菲猫 | C5: 83 | D5: 8600 | E5: 一 | G5: 1 | J5: Drugz | K5: 150 | L5: 83 | N5: 小牛 | O5: 160 | P5: 75
A6: 4 | B6: 猪 | C6: 83 | D6: 8000 | E6: 四 | F6: 三 | G6: 1 | H6: 长的算了也就算了，打的也这么算了。 | J6: Ninelie | K6: 120 | L6: 70 | N6: END | O6: 75 | P6: 58
A7: 5 | B7: Drugz | C7: 82 | D7: 8900 | E7: 三 | F7: 四 | G7: 0 | H7: 哭胜（男同） | J7: 招财喵 | K7: 30 | L7: 30 | N7: dalinya. | O7: 30 | P7: 45
A8: 6 | B8: 阿魂呐 | C8: 81 | D8: 7500 | E8: 二 | G8: 2 | H8: 只想干笑败 | J8: 幺鸡 | K8: 30 | L8: 44 | N8: 你也喜欢河马嘛 | O8: 65 | P8: 53
A9: 7 | B9: 踏雾 | C9: 80 | D9: 8000 | E9: 一 | G9: 0 | L9: =SUM(L4:L8) -> 317 | P9: =SUM(P4:P8) -> 321
A10: 8 | B10: Sdy | C10: 78 | D10: 7800 | E10: 二 | F10: 三 | G10: 0 | H10: 一年半以前8100，后面没打过大号天梯了 | L10: 战力 | M10: 剩余金额 | P10: 战力 | Q10: 剩余金额
A11: 9 | B11: iqbs | C11: 77 | D11: 7700 | E11: 四 | F11: 三、五 | G11: 2 | H11: 笑败粉丝 | J11: 赤夜紫雨 | K11: 330 | L11: 89 | M11: =K11-K12-K13-K14-K15 -> 0 | N11: 蜡笔大雪 | O11: 335 | P11: 88 | Q11: =O11-O12-O13-O14-O15 -> 0
A12: 10 | B12: 黑色柳丁🏆 | C12: 76 | D12: 6500 | E12: 一、二、三 | F12: 四、五 | G12: 0 | H12: 笑败大神铁粉丝（忧郁王子） | J12: 荼霏 | K12: 160 | L12: 75 | N12: 哞哞 | O12: 75 | P12: 65
A13: 11 | B13: 21🏆 | C13: 75 | D13: 6800 | E13: 一 | G13: 1 | H13: 脚踢风仔的一（可爱水豚） | J13: 黑山羊 | K13: 70 | L13: 50 | N13: 蜡笔小雪 | O13: 100 | P13: 60
A14: 12 | B14: 小牛 | C14: 75 | D14: 7500 | E14: 二 | G14: 3 | H14: Dota思想家 | J14: 熊 | K14: 60 | L14: 55 | N14: ） | O14: 80 | P14: 60
A15: 13 | B15: 荼霏 | C15: 75 | D15: 6800 | E15: 二 | F15: 一、三、五 | G15: 1 | J15: 授法 | K15: 40 | L15: 44 | N15: PP | O15: 80 | P15: 45
A16: 14 | B16: Ninelie | C16: 70 | D16: 6800 | E16: 一 | F16: 四 | G16: 0 | H16: 儒雅随和 | L16: =SUM(L11:L15) -> 313 | P16: =SUM(P11:P15) -> 318
A17: 15 | B17: 柬埔寨智慧笼🏆 | C17: 68 | D17: 6000 | E17: 一、二 | G17: 0 | H17: 超级大稿子 | L17: 战力 | M17: 剩余金额 | P17: 战力 | Q17: 剩余金额
A18: 16 | B18: 哞哞 | C18: 65 | D18: 4300 | E18: 二 | F18: 三 | G18: 1 | H18: 混子中 | J18: 大蟑螂 | K18: 335 | L18: 87 | M18: =K18-K19-K20-K21-K22 -> 0 | N18: 所念皆星河 | O18: 340 | P18: 85 | Q18: =O18-O19-O20-O21-O22 -> 0
A19: 17 | B19: 睡衣大大 | C19: 63 | D19: 6000 | E19: 二 | F19: 一 | G19: 2 | H19: 老毕登 | J19: 笑败 | K19: 180 | L19: 84 | N19: Sdy | O19: 180 | P19: 78
A20: 18 | B20: 洋芋🏆 | C20: 60 | D20: 5900 | E20: 五 | F20: 三、四 | G20: 0 | H20: 听话 | J20: 风 | K20: 65 | L20: 50 | N20: vamoose | O20: 65 | P20: 55
A21: 19 | B21: 蜡笔小雪 | C21: 60 | D21: 6000 | E21: 三 | G21: 3 | H21: 三是扛起进攻大旗的猛男，不是你们口中的贱狗（帅哥）（雨一三） | J21: 清欢不渡 | K21: 40 | L21: 45 | N21: ZMJ 玖黎 | O21: 45 | P21: 50
A22: 20 | B22: ） | C22: 60 | D22: 6000 | E22: 一 | F22: 二、三 | J22: 绮怀. | K22: 50 | L22: 28 | N22: No | O22: 50 | P22: 33
A23: 21 | B23: 温酒 | C23: 60 | D23: 6000 | E23: 四 | F23: 五 | G23: 0 | H23: 太久没玩，需要复建，现在有点菜 | L23: =SUM(L18:L22) -> 294 | P23: =SUM(P18:P22) -> 301
A24: 22 | B24: Jose | C24: 59 | D24: 6200 | E24: 三 | F24: 四、五 | G24: 2 | H24: 没办法兄弟，我穷点没事，三是这样的，尽力了我的吧 | L24: 战力 | M24: 剩余金额 | P24: 战力 | Q24: 剩余金额
A25: 23 | B25: END | C25: 58 | D25: 6000 | E25: 一 | F25: 五 | G25: 1 | H25: 我是笑败的忠臣 | J25: YuuU | K25: 360 | L25: 77 | M25: =K25-K26-K27-K28-K29 -> 0 | N25: 云天河 | O25: 360 | P25: 76 | Q25: =O25-O26-O27-O28-O29 -> 0
A26: 24 | B26: yu | C26: 56 | D26: 5600 | E26: 三 | F26: 四 | G26: 0 | H26: 保抢我无敌 | J26: 踏雾 | K26: 140 | L26: 80 | N26: 蒙面加菲猫 | O26: 175 | P26: 83
A27: 25 | B27: 龙城林子 | C27: 55 | D27: 4100 | E27: 二 | F27: 四 | J27: 睡衣大大 | K27: 110 | L27: 63 | N27: 温酒 | O27: 60 | P27: 60
A28: 26 | B28: 王亚祈 | C28: 55 | D28: 5500 | E28: 一、四、五 | J28: 芋头芭乐脑袋 | K28: 55 | L28: 34 | N28: yu | O28: 95 | P28: 56
A29: 27 | B29: vamoose | C29: 55 | D29: 5500 | E29: 四、五 | F29: 一、三 | J29: 爱喝可乐的帅哥 | K29: 55 | L29: 42 | N29: 老K | O29: 30 | P29: 40
A30: 28 | B30: 熊 | C30: 55 | D30: 5000 | E30: 四、五 | G30: 0 | H30: 臭酱油一枚 | L30: =SUM(L25:L29) -> 296 | P30: =SUM(P25:P29) -> 315
A31: 29 | B31: 临江仙 | C31: 54 | D31: 5000 | E31: 一 | F31: 四 | L31: 战力 | M31: 剩余金额 | P31: 战力 | Q31: 剩余金额
A32: 30 | B32: 你也喜欢河马嘛 | C32: 53 | D32: 5300 | E32: 三、四、五 | F32: 一、二 | G32: 0 | H32: 新人求不虐 | J32: summer丶夏 | K32: 375 | L32: 68 | M32: =K32-K33-K34-K35-K36 -> 5 | N32: coconut🏆 | O32: 380 | P32: 64 | Q32: =O32-O33-O34-O35-O36 -> 0
A33: 31 | B33: ZMJ 玖黎 | C33: 52 | D33: 5800 | E33: 一、二 | F33: 三 | G33: 1 | H33: 佛系青年 | J33: 21🏆 | K33: 105 | L33: 75 | N33: 洋芋🏆 | O33: 85 | P33: 60
A34: 32 | B34: 黑山羊 | C34: 50 | D34: 4900 | E34: 二、五 | F34: 三、四 | G34: 2 | H34: ✌️😛✌️ | J34: iqbs | K34: 170 | L34: 77 | N34: 柬埔寨智慧笼🏆 | O34: 125 | P34: 68
A35: 33 | B35: 。。~ | C35: 50 | D35: 5000 | E35: 一、二、三、四、五 | G35: 0 | H35: pp | J35: 龙城林子 | K35: 40 | L35: 55 | N35: Jose | O35: 95 | P35: 59
A36: 34 | B36: 风 | C36: 50 | D36: 5000 | E36: 三 | F36: 一 | G36: 0 | H36: 复建选手 | J36: 忧郁的苹果君 | K36: 55 | L36: 30 | N36: 。。~ | O36: 75 | P36: 50
A37: 35 | B37: PP | C37: 45 | D37: 4990 | E37: 五 | F37: ppp | G37: 2 | H37: 对你的爱就像屎拉裤兜里 沉甸甸的 只有我自己知道 | L37: =SUM(L32:L36) -> 305 | P37: =SUM(P32:P36) -> 301
A38: 36 | B38: dalinya. | C38: 45 | D38: 4500 | E38: 二 | F38: 四 | G38: 0 | H38: QWQ | L38: 战力 | M38: 剩余金额 | P38: 战力 | Q38: 剩余金额
A39: 37 | B39: 授法 | C39: 44 | D39: 4500 | E39: 三 | F39: 一 | G39: 0 | H39: 很会抗压，不只玩憋壳形3。 | J39: starling | K39: 430 | L39: 34 | M39: =K39-K40-K41-K42-K43 -> 0 | N39: 尤也 | O39: 435 | P39: 30 | Q39: =O39-O40-O41-O42-O43 -> 0
A40: 38 | B40: 幺鸡 | C40: 44 | D40: 3800 | E40: 三、四 | F40: 五 | G40: 2 | H40: 不准欺负狗屎心念！换我来！ | J40: 风Ain-t | K40: 195 | L40: 88 | N40: 阿魂呐 | O40: 160 | P40: 81
A41: 39 | B41: 爱喝可乐的帅哥 | C41: 42 | D41: 3900 | E41: 一、四 | F41: 三 | G41: 0 | H41: 绝活海 | J41: 黑色柳丁🏆 | K41: 170 | L41: 76 | N41: 猪 | O41: 185 | P41: 83
A42: 40 | B42: 游牧骑兵 | C42: 40 | D42: 3000 | E42: 四、五 | F42: 三 | G42: 1 | H42: 捞陈、酒仙、小娜迦、维萨吉。 | J42: 游牧骑兵 | K42: 35 | L42: 40 | N42: 临江仙 | O42: 55 | P42: 54
A43: 41 | B43: 老K | C43: 40 | D43: 4000 | E43: 一、二、三、四、五 | G43: 0 | H43: 叫我哥哥或者叔叔 | J43: 小胖 | K43: 30 | L43: 28 | N43: 芳心纵火犯 | O43: 35 | P43: 32
A44: 42 | B44: 芋头芭乐脑袋 | C44: 34 | D44: 3400 | E44: 四 | F44: 五 | G44: 0 | H44: 叫我姐姐或者阿姨 | L44: =SUM(L39:L43) -> 266 | P44: =SUM(P39:P43) -> 280
A45: 43 | B45: No | C45: 33 | D45: 3300 | E45: 二、四 | F45: 五 | G45: 0 | H45: 暖男
A46: 44 | B46: 芳心纵火犯 | C46: 32 | D46: 3200 | E46: 五 | G46: 0 | H46: 什么花里胡哨的
A47: 45 | B47: 招财喵 | C47: 30 | D47: 3000 | E47: 四、五 | G47: 0 | H47: 四五号，学学4号，但半途而废了（我也不想呀），现在只想继续学学学，跟大家一起进步进步进步
A48: 46 | B48: 忧郁的苹果君 | C48: 30 | D48: 3646 | E48: 五 | F48: 四 | G48: 0 | H48: 英雄勺哟！！！！！
A49: 47 | B49: 小胖 | C49: 28 | D49: 2900 | E49: 一、三、四、五 | G49: 0 | H49: 心态好
A50: 48 | B50: 绮怀. | C50: 28 | D50: 2000 | E50: 五 | F50: 一、二、三、四 | G50: 2 | H50: 躺狗（精品躺）

Sheet 微雨杯比赛规则
F1: 🏆 微雨杯·规则
F2: 🚨️勿踩红线 ▸ 小号、谎报分数是红线，第一要义打造无小号比赛 ▸ 一旦抓住装猪装龙行为，被骂是小事，各社区互通是大事 💬 参赛须知 ▸ 参加过内战方可报名比赛 ▸ 别怕自己分低不敢打，你分越低，你的队友越强 ▸ 严禁攻击/辱骂选手，违者严肃处理
F4: 🔄 替补规则 | H4: ⚠️ 迟到判罚 | I4: ⏸️ 暂停规则
F5: 👥 替补资格： | G5: 可从未报名但参加过内战的群友中选取 | H5: 🕒 10分钟 ~ 15分钟 罚没BP时间 30秒 | I5: 每局、每队累计最多10分钟
F6: 🔢 数量限制： | G6: 每队最多允许1名替补 | H6: 🕓 15分钟 ~ 30分钟 罚没BP时间 90秒
F7: ⚔ 战力要求： | G7: •替补战力需比原选手低至少-5战力 | H7: 🛑 超过30分钟 直接判负
G8: •若原选手战力低于30，则替补不受此限
F9: 📝 报备流程： | G9: •必须提前向主办方报备，严禁临时替补
G10: •如遇突发情况，需及时与主办方沟通说明
F11: 🔄 出场次数： | G11: 替补选手出场次数不得超整个赛事半数
F12: 🚫 退赛处理细则
F13: ⛔ 选手处罚：无故退赛者，直接禁赛处理
F14: 👥 邀请人连带责任：该选手的邀请人三个月内禁止邀请新人参赛或入群
F15: 🔄 组委会补位机制：队员退赛后，由组委会负责安排原选手战力-3并参与过内战的一位相同位置、稳定替补补位

Sheet S2名单
A1: 序号 | B1: 微信昵称 | C1: steamid | D1: 战力 | E1: 分数 | F1: 擅长位置 | G1: 内战冠军次数 | H1: 自我介绍
A2: 1 | B2: 兆焱 | C2: 176191301 | D2: 90 | E2: 8900 | F2: 二 | G2: 2 | H2: 上帝
A3: 2 | B3: 秋 | C3: 1004877057 | D3: 90 | E3: 9000 | F3: 一,二,三,四 | G3: 2 | H3: 脚踢小雪，拳打鱼畜
A4: 3 | B4: 赤夜紫雨 | C4: 187933845 | D4: 89 | E4: 8100 | F4: 一,三 | G4: 1 | H4: 武痴
A5: 4 | B5: 蜡笔大雪 | C5: 187468758 | D5: 88 | E5: 9000 | F5: 三,四,五,一 | G5: 1 | H5: 精品洋葱头（专治扛起进攻大旗的三号位，超级贱狗）
A6: 5 | B6: 风Ain-t | C6: 136801289 | D6: 88 | E6: 8750 | F6: 一 | G6: 1 | H6: cc是我师傅（热辣舞男）
A7: 6 | B7: 大蟑螂 | C7: 341670770 | D7: 87 | E7: 9000 | F7: 二 | G7: 1 | H7: 保雨派
A8: 7 | B8: 所念皆星河 | C8: 381057664 | D8: 85 | E8: 8500 | F8: 一,二 | G8: 1 | H8: 温文尔雅
A9: 8 | B9: 笑败 | C9: 106964785 | D9: 84 | E9: 8330 | F9: 一 | G9: 4 | H9: 一三摇摆，二也能摇
A10: 9 | B10: 蒙面加菲猫 | C10: 299227181 | D10: 83 | E10: 8600 | F10: 一,三 | G10: 1
A11: 10 | B11: 猪 | C11: 266088396 | D11: 83 | E11: 8000 | F11: 三,四,五 | G11: 1 | H11: 长的算了也就算了，打的也这么算了。
A12: 11 | B12: Drugz | C12: 137306952 | D12: 82 | E12: 8900 | F12: 三 | G12: 0 | H12: 哭胜（男同）
A13: 12 | B13: 阿魂呐 | C13: 138558413 | D13: 81 | E13: 7500 | F13: 二 | G13: 2 | H13: 只想干笑败
A14: 13 | B14: 踏雾 | C14: 164613165 | D14: 80 | E14: 8000 | F14: 一 | G14: 0 | H14: 0
A15: 14 | B15: Sdy | C15: 173964673 | D15: 78 | E15: 7800 | F15: 二,三 | G15: 0 | H15: 一年半以前8100，后面没打过大号天梯了
A16: 15 | B16: iqbs | C16: 383560624 | D16: 77 | E16: 7700 | F16: 四,五,三 | G16: 2 | H16: 笑败粉丝
A17: 16 | B17: YuuU | C17: 885588023 | D17: 77 | E17: 7000 | F17: 一,二,三,四,五 | G17: 0 | H17: ？
A18: 17 | B18: 云天河 | C18: 267719332 | D18: 76 | E18: 7000 | F18: 二,四,五 | G18: 1 | H18: 三猫一滚puck 拉席克女王小小，ling神毒唯
A19: 18 | B19: 黑色柳丁 | C19: 457383175 | D19: 76 | E19: 6500 | F19: 二 | G19: 0 | H19: 笑败大神铁粉丝（忧郁王子）
A20: 19 | B20: 21 | C20: 277443592 | D20: 75 | E20: 6800 | F20: 一 | G20: 1 | H20: 脚踢风仔的一号位（可爱水豚）
A21: 20 | B21: 一颗大白菜 | C21: 186753076 | D21: 75 | E21: 7500 | F21: 一,二,三 | G21: 0 | H21: 啥都会一点
A22: 21 | B22: 小牛 | C22: 1259908216 | D22: 75 | E22: 7500 | F22: 二 | G22: 3 | H22: Dota思想家
A23: 22 | B23: Ninelie | C23: 401464166 | D23: 70 | E23: 6800 | F23: 一,二,三,四,五 | G23: 0 | H23: 儒雅随和
A24: 23 | B24: Summer丶夏 | C24: 355328125 | D24: 68 | E24: 6649 | F24: 一,二,三,四,五 | G24: 2 | H24: 每个位置都可以打，眼位研究不多，需要练英雄扩池子
A25: 24 | B25: 柬埔寨智慧笼 | C25: 122810642 | D25: 68 | E25: 6000 | F25: 一,二,三,四,五 | G25: 0 | H25: 超级大稿子
A26: 25 | B26: 哞哞 | C26: 235611786 | D26: 65 | E26: 4300 | F26: 二 | G26: 1 | H26: 混子中
A27: 26 | B27: coconut | C27: 108868178 | D27: 64 | E27: 6000 | F27: 二 | G27: 0 | H27: 性价比中单。打谁都不怂 还什么都会
A28: 27 | B28: 睡衣大大 | C28: 104465635 | D28: 63 | E28: 6000 | F28: 一,二 | G28: 2 | H28: 老毕登
A29: 28 | B29: ） | C29: 334481697 | D29: 60 | E29: 6000 | F29: 一,二,三
A30: 29 | B30: 洋芋 | C30: 255882400 | D30: 60 | E30: 5900 | F30: 五,三,四 | G30: 0 | H30: 听话
A31: 30 | B31: 温酒 | C31: 117970934 | D31: 60 | E31: 6000 | F31: 四 | G31: 0 | H31: 太久没玩，需要复建，现在有点菜
A32: 31 | B32: 蜡笔小雪 | C32: 154029585 | D32: 60 | E32: 6000 | F32: 三 | G32: 3 | H32: 三号位是扛起进攻大旗的猛男，不是你们口中的贱狗（帅哥）（雨一三）
A33: 32 | B33: Jose | C33: 1255409177 | D33: 59 | E33: 6200 | F33: 三 | G33: 2 | H33: 没办法兄弟，我穷点没事，三号位是这样的，尽力了我的吧
A34: 33 | B34: END | C34: 354618808 | D34: 58 | E34: 6000 | F34: 一,五 | G34: 1 | H34: 我是笑败的忠臣
A35: 34 | B35: yu | C35: 283200408 | D35: 56 | E35: 5600 | F35: 三,四 | G35: 0 | H35: 保抢我无敌
A36: 35 | B36: 熊 | C36: 223646770 | D36: 55 | E36: 5000 | F36: 四,五 | G36: 0 | H36: 臭酱油一枚
A37: 36 | B37: 龙城林子 | C37: 117252110 | D37: 55 | E37: 4100 | F37: 二
A38: 37 | B38: 王亚祈 | C38: 417868870 | D38: 55 | E38: 5500 | F38: 一,四,五
A39: 38 | B39: vamoose | C39: 242739321 | D39: 55 | E39: 5500 | F39: 一,三,四,五
A40: 39 | B40: 临江仙 | C40: 140389337 | D40: 54 | E40: 5000 | F40: 一,二,四
A41: 40 | B41: 你也喜欢河马嘛 | C41: 189497913 | D41: 53 | E41: 5300 | F41: 一,二,三,四,五 | G41: 0 | H41: 新人求不虐
A42: 41 | B42: ZMJ 玖黎 | C42: 208333479 | D42: 52 | E42: 5800 | F42: 一,二,三 | G42: 1 | H42: 佛系青年
A43: 42 | B43: 黑山羊 | C43: 140594695 | D43: 50 | E43: 4900 | F43: 二,三,五 | G43: 2 | H43: ✌️😛✌️
A44: 43 | B44: 风 | C44: 178988576 | D44: 50 | E44: 5000 | F44: 一,三 | G44: 0 | H44: 复建选手
A45: 44 | B45: 。。~ | C45: 136537289 | D45: 50 | E45: 5000 | F45: 一,二,三,四 | G45: 0 | H45: 赌
A46: 45 | B46: PP | C46: 320479234 | D46: 45 | E46: 4990 | F46: 四,五 | G46: 2 | H46: 对你的爱就像屎拉裤兜里 沉甸甸的 只有我自己知道
A47: 46 | B47: dalinya. | C47: 141166215 | D47: 45 | E47: 4500 | F47: 二,四 | G47: 0 | H47: QWQ
A48: 47 | B48: 授法 | C48: 370449300 | D48: 44 | E48: 4500 | F48: 一,三 | G48: 0 | H48: 很会抗压，不只玩憋壳形3。
A49: 48 | B49: 幺鸡 | C49: 138720710 | D49: 44 | E49: 3800 | F49: 四 | G49: 2 | H49: 不准欺负狗屎心念！换我来！
A50: 49 | B50: 爱喝可乐的帅哥 | C50: 101126670 | D50: 42 | E50: 3900 | F50: 一,四 | G50: 0 | H50: 绝活海
A51: 50 | B51: 老K | C51: 148343069 | D51: 40 | E51: 4000 | F51: 二,四,五 | G51: 0 | H51: 叫我哥哥或者叔叔
A52: 51 | B52: 游牧骑兵 | C52: 351772086 | D52: 40 | E52: 3000 | F52: 三,四,五 | G52: 1 | H52: 捞陈、酒仙、小娜迦、维萨吉。
A53: 52 | B53: 芋头芭乐脑袋 | C53: 168661508 | D53: 34 | E53: 3400 | F53: 四,五 | G53: 0 | H53: 叫我姐姐或者阿姨
A54: 53 | B54: starling | C54: 400294058 | D54: 34 | E54: 4000 | F54: 四,五 | G54: 0 | H54: 0
A55: 54 | B55: No | C55: 124599786 | D55: 33 | E55: 3300 | F55: 二,四 | G55: 0 | H55: 暖男
A56: 55 | B56: 芳心纵火犯 | C56: 137784091 | D56: 32 | E56: 3200 | F56: 四,五 | G56: 0 | H56: 什么花里胡哨的
A57: 56 | B57: 忧郁的苹果君 | C57: 245304772 | D57: 30 | E57: 3646 | F57: 四,五 | G57: 0 | H57: 英雄勺哟！！！！！
A58: 57 | B58: 招财喵 | C58: 136636318 | D58: 30 | E58: 3000 | F58: 四 | G58: 0 | H58: 四五号，学学4号，但半途而废了（我也不想呀），现在只想继续学学学，跟大家一起进步进步进步
A59: 58 | B59: 尤也 | C59: 144220785 | D59: 30 | E59: 3000 | F59: 一 | G59: 0 | H59: 0
A60: 59 | B60: 绮怀. | C60: 283980539 | D60: 28 | E60: 2000 | F60: 四,五,三,二,一 | G60: 2 | H60: 躺狗（精品躺）
A61: 60 | B61: 小胖 | C61: 449128986 | D61: 28 | E61: 2900 | F61: 一,五 | G61: 0 | H61: 心态好

Sheet S2
A1: 🌧️ 微雨杯 S2「醉耀春锋」已开启报名 衷心感谢尤总、leo、马来王子、廷总、晓锅匠（排名不分先后）慷慨相助，以热忱护热爱，以心意赴赛场，让每一份拼搏都有荣光可赴。 微雨杯 S2「醉耀春锋」赛制将在S1赛制基础上进行优化升级。确保每个参赛选手获得更公平、更均衡、更有趣的游戏体验。 🏆 战队名次之赏 🥇 冠军战队 •葡萄白酒🍇🍶×1：以清冽琼浆，敬登顶之荣耀 •智力斗篷挂饰🧙‍♂️×1：以魔法之纹，承运筹之智慧 •自选 DOTA2 冰箱贴🧊×1：以方寸印记，藏赛场之回忆 •队长专属：敦煌福鹿呈祥杯🥂×1：以祥瑞之器，载战队之锋芒 🥈 亚军战队 •智力斗篷挂饰🧙‍♂️×1 •自选 DOTA2 冰箱贴🧊×1 •队长专属：敦煌福鹿呈祥杯🥂×1 🥉 季军战队 •自选 DOTA2 冰箱贴🧊×1 •队长专属：敦煌福鹿呈祥杯🥂×1 🎙️ 解说专属馈赠 所有解说均可获得解说积分，可兑换各类 DOTA2 周边 🎁 解说小肥羊、苹果君，另赠马来西亚特产巧克力 🍫，以一缕甜意，致谢声声相伴。 🌟 个人数据殊荣 以数据证锋芒，以坚守换嘉奖。 本赛季各位置佼佼者，将获天府鱼子酱 🥢： •分均经济最高・一号位 •分均经验最高・二号位 •承伤/经济最高・三号位 •参战最高・四号位 •助攻最多・五号位 ⚔️ 趣味 SOLO 赛 赛季同期开放SOLO 挑战赛，各路英雄可孤身赴战 胜者将获神秘惊喜奖品，悬念静待揭晓 ✨ 愿微雨为伴，举杯共竞； 以热爱为刃，以兄弟为盾，不负每一场奔赴。 ***特别注意：** 1.比赛中禁止嘲讽、压力、辱骂队友与对手，文明竞技，尊重每一位选手。 2.请确认自身时间可正常参赛，尽量避免多次迟到、无故弃赛。 若违反以上规定，上帝有权直接斩杀。 报名链接：https://wj.qq.com/s2/25994373/df52/ 报名前请确保已填写群表格并参与过内战（见群公告） 更多dota2周边👇 淘宝：微雨dota2

Sheet 选手名单
B1: 微信昵称（群） | C1: 数字id | D1: 游戏昵称 | E1: 分数 | F1: 战力值（别填） | G1: 擅长位置 | H1: 内战冠军次数 | I1: 自我介绍
B2: 兆焱 | C2: 176191301 | D2: Mu | E2: 8900 | F2: 90 | G2: 二 | H2: ★★☆☆☆ | I2: 上帝
A3: 12 | B3: 秋 | C3: 1004877057 | D3: 秋 | E3: 9000 | F3: 90 | G3: 一,二,三,四 | H3: ★★☆☆☆ | I3: 脚踢小雪，拳打鱼畜
B4: zealot4u | C4: 177909188 | D4: zealot4u | E4: 9000 | F4: 90 | G4: 三 | H4: ★☆☆☆☆ | I4: 新手三号位害怕对线
A5: 13 | B5: 赤夜紫雨 | C5: 187933845 | D5: 赤夜紫雨 | E5: 8100 | F5: 89 | G5: 一,三 | H5: ★☆☆☆☆ | I5: 武痴
B6: 风Ain-t | C6: 136801289 | D6: - | E6: 8750 | F6: 88 | G6: 一 | H6: ★☆☆☆☆ | I6: cc是我师傅（热辣舞男）
B7: 蜡笔大雪 | C7: 187468758 | D7: 畜高八斗 | E7: 9000 | F7: 88 | G7: 三,四,五,一 | H7: ★☆☆☆☆ | I7: 精品洋葱头（专治扛起进攻大旗的三号位，超级贱狗）
A8: 23 | B8: 辞 | C8: 417861014 | D8: bon vayege | E8: 8300 | F8: 88 | G8: 一,二 | H8: ☆☆☆☆☆
A9: 7 | B9: 大蟑螂 | C9: 341670770 | D9: 火辣大蟑螂 | E9: 9000 | F9: 87 | G9: 二 | H9: ★☆☆☆☆ | I9: 保雨派
B10: AA酒水范子 | C10: 139963294 | D10: 冒险的寂灭 | E10: 8700 | F10: 87 | G10: 一 | H10: ☆☆☆☆☆
B11: G | C11: 213975274 | D11: iCccy | E11: 8700 | F11: 86 | G11: 一,二,三,四,五 | H11: ☆☆☆☆☆
B12: 所念皆星河 | C12: 381057664 | D12: 所念皆星河 | E12: 8500 | F12: 85 | G12: 一,二 | H12: ★☆☆☆☆ | I12: 温文尔雅
B13: defencex | C13: 138235055 | D13: D | E13: 8500 | F13: 85 | G13: 五 | H13: ☆☆☆☆☆
A14: 1 | B14: 笑败 | C14: 106964785 | D14: 笑败 | E14: 8330 | F14: 84 | G14: 一 | H14: ★★★★☆ | I14: 上帝小弟
A15: 34 | B15: 精品贵公子 | D15: oiii | E15: 8600 | F15: 83 | G15: 一,三 | H15: ★☆☆☆☆
B16: 狮子麒麟凤 | C16: 266088396 | D16: 矮猪 | E16: 8000 | F16: 83 | G16: 三,四,五 | H16: ★☆☆☆☆ | I16: 长的算了也就算了，打的也这么算了。
B17: 晗 | D17: 小晗 | E17: 8300 | F17: 83 | G17: 一,二,三,四 | H17: ☆☆☆☆☆
B18: drugz | C18: 137306952 | D18: Tourbillion | E18: 8900 | F18: 82 | G18: 三 | H18: ☆☆☆☆☆ | I18: 哭胜（男同）
A19: 10 | B19: 阿魂呐 | C19: 138558413 | D19: 阿魂 | E19: 7500 | F19: 81 | G19: 二 | H19: ★★☆☆☆ | I19: 只想干笑败
B20: MBP | C20: 131584904 | D20: Mbppe | E20: 7500 | F20: 80 | G20: 一 | H20: ☆☆☆☆☆
B21: y | C21: 207704824 | D21: 做个好梦吧 | E21: 8300 | F21: 80 | G21: 一,二,四,五 | H21: ☆☆☆☆☆ | I21: A
B22: 12345 | C22: 348785399 | D22: ditto | E22: 8000 | F22: 80 | G22: 一,三,四,五 | H22: ☆☆☆☆☆
B23: 踏雾 | C23: 164613165 | D23: 空识茄蓝 | E23: 8000 | F23: 80 | G23: 一 | H23: ☆☆☆☆☆
B24: 大熊小清新 | C24: 136314899 | D24: Ursamajor | E24: 7800 | F24: 78 | G24: 二 | H24: ☆☆☆☆☆ | I24: 英雄针
B25: sdy | C25: 173964673 | D25: SomeD1eYoung | E25: 7800 | F25: 78 | G25: 二,三 | H25: ☆☆☆☆☆ | I25: 一年半以前8100，后面没打过大号天梯了
A26: 25 | B26: iqbs | C26: 383560624 | D26: 琴葉葵 | E26: 7700 | F26: 77 | G26: 四,五,三 | H26: ★★☆☆☆ | I26: 笑败粉丝
B27: Mago | C27: 136495866 | D27: ll mago | E27: 7700 | F27: 77 | G27: 二 | H27: ☆☆☆☆☆
A28: 27 | B28: YuuU | C28: 885588023 | D28: 赫尔 | E28: 7000 | F28: 77 | G28: 一,二,三,四,五 | H28: ☆☆☆☆☆ | I28: ？
A29: 24 | B29: 雲天河 | C29: 267719332 | D29: 雲天河 | E29: 6500 | F29: 76 | G29: 二,四,五 | H29: ★☆☆☆☆ | I29: 三猫一滚puck 拉席克女王小小，ling神毒唯
A30: 32 | B30: 黑色柳丁 | C30: 457383175 | D30: 黑色柳丁 | F30: 76 | G30: 二 | H30: ☆☆☆☆☆ | I30: 笑败大神铁粉丝（忧郁王子）
A31: 26 | B31: 小牛 | C31: 1259908216 | D31: Wjr. | E31: 7500 | F31: 75 | G31: 二 | H31: ★★★☆☆ | I31: Dota思想家
A32: 30 | B32: 荼霏 | C32: 137852652 | D32: Mortis | E32: 6800 | F32: 75 | G32: 一,二,四,五 | H32: ★☆☆☆☆
A33: 19 | B33: 21 | C33: 277443592 | D33: 21 | E33: 6800 | F33: 75 | G33: 一 | H33: ★☆☆☆☆ | I33: 脚踢风仔的一号位（可爱水豚）
B34: 日月同错 | C34: 168741476 | D34: 颾浪剑客 | E34: 7700 | F34: 75 | G34: 一,三,四,五 | H34: ☆☆☆☆☆ | I34: 颾浪剑客（笑败的刺客）
B35: shrike | C35: 364668381 | D35: 何春秋 | E35: 7500 | F35: 75 | G35: 一,二,三,四,五 | H35: ☆☆☆☆☆ | I35: 饶命
A36: 2 | B36: 一颗大白菜 | C36: 186753076 | D36: 一颗大白菜 | E36: 7500 | F36: 75 | G36: 一,二,三 | H36: ☆☆☆☆☆ | I36: 啥都会一点
B37: tiNy | C37: 195565104 | D37: 芬里厄 | E37: 7400 | F37: 74 | G37: 一,二 | H37: ☆☆☆☆☆
A38: 28 | B38: BLY | C38: 323934704 | D38: 天命 | E38: 6400 | F38: 72 | G38: 一 | H38: ★☆☆☆☆ | I38: j'h'h'j'h'j
B39: 车长老 | C39: 299025900 | D39: 酸酸奶盐 | E39: 7500 | F39: 72 | G39: 二 | H39: ☆☆☆☆☆ | I39: 不爱说话，单线程，听指挥
B40: Desperado | C40: 284456126 | D40: Desperado | E40: 7500 | F40: 72 | G40: 一 | H40: ☆☆☆☆☆
B41: 珂教兴国 | C41: 273944620 | D41: 我永远喜欢雪之下雪乃 | E41: 7000 | F41: 72 | G41: 一 | H41: ☆☆☆☆☆
B42: 新宇宙 | C42: 139625562 | D42: 新宇宙 | E42: 7200 | F42: 72 | G42: 三 | H42: ☆☆☆☆☆
B43: 普通朋友 | C43: 849019725 | D43: Lesson 5 | E43: 6500 | F43: 70 | G43: 二 | H43: ★☆☆☆☆ | I43: 主2副1
B44: Thomas | C44: 214116802 | D44: 冷冻鸡肉 | E44: 6666 | F44: 70 | G44: 三 | H44: ★☆☆☆☆ | I44: nya!吕布匹夫竟敢偷袭我的兖州
B45: i.ez | C45: 237133438 | D45: 社会我龙叔 | E45: 7000 | F45: 70 | G45: 三,四 | H45: ☆☆☆☆☆ | I45: D
B46: Ember | C46: 107735504 | D46: 井芹仁菜 | E46: 7000 | F46: 70 | G46: 三 | H46: ☆☆☆☆☆ | I46: 只玩三的都是圣人；指望4号位保你是临死前的幻想罢了；为什么要演奏《像我这样的人》；为什么dota内战只比dota，我提议比游戏王/影之诗/大巴扎
B47: W | C47: 184550875 | D47: 无敌破坏Z | E47: 7000 | F47: 70 | G47: 三,四,五 | H47: ☆☆☆☆☆ | I47: 没有自我介绍
B48: Drunk | C48: 401464166 | D48: Drunk | E48: 6800 | F48: 70 | G48: 一,二,三,四,五 | H48: ☆☆☆☆☆ | I48: 儒雅随和
B49: 环状星云 | C49: 206199816 | D49: 粉色猛男 | E49: 6500 | F49: 69 | G49: 一,二 | H49: ★☆☆☆☆
B50: 虎 | C50: 106521253 | D50: 很优雅的中单 | E50: 7000 | F50: 69 | G50: 二 | H50: ☆☆☆☆☆ | I50: 你的虎皇 无限猖狂
B51: Summer丶夏 | C51: 355328125 | D51: Summer丶夏 | E51: 6649 | F51: 68 | G51: 一,二,三,四,五 | H51: ★★☆☆☆ | I51: 每个位置都可以打，眼位研究不多，需要练英雄扩池子
B52: 柬埔寨fy | C52: 122810642 | D52: m1dong | E52: 6000 | F52: 68 | G52: 一,二,三,四,五 | H52: ☆☆☆☆☆ | I52: 超级大稿子
B53: 懂王 | C53: 400401267 | E53: 5500 | F53: 66 | G53: 四,五 | H53: ★★★☆☆ | I53: 绝活猛犸王
A54: 22 | B54: 哞哞 | C54: 235611786 | D54: 1Tap | E54: 4300 | F54: 65 | G54: 二 | H54: ★☆☆☆☆ | I54: 混子中
B55: Songz-z | C55: 213533739 | D55: godf | E55: 6500 | F55: 65 | G55: 二,四 | H55: ☆☆☆☆☆
B56: 中专肄业 | C56: 275833098 | D56: 中专肄业 | E56: 6500 | F56: 65 | G56: 二,四,五 | H56: ☆☆☆☆☆
B57: 余生只有 | D57: sigmmid | E57: 6500 | F57: 65 | G57: 一,二 | H57: ☆☆☆☆☆
B58: 西红柿不炒蛋 | C58: 320347996 | D58: daimon、X | E58: 6400 | F58: 64 | G58: 二,四,五 | H58: ☆☆☆☆☆ | I58: 颾浪剑客好友，一般只打到晚上十点
B59: coconut | C59: 108868178 | D59: coconut椰子 | E59: 6000 | F59: 64 | G59: 二 | H59: ☆☆☆☆☆ | I59: 性价比中单。打谁都不怂 还什么都会
A60: 3 | B60: 睡衣大大 | C60: 104465635 | D60: 睡衣大大 | E60: 6000 | F60: 63 | G60: 一,二 | H60: ★★☆☆☆ | I60: 老毕登
B61: Gyro | C61: 250240864 | D61: 别再五个力量英雄了 | E61: 6100 | F61: 61 | G61: 一 | H61: ☆☆☆☆☆
A62: 5 | B62: 蜡笔小雪 | C62: 154029585 | D62: 蜡笔小雪 | E62: 6000 | F62: 60 | G62: 三 | H62: ★★★☆☆ | I62: 三号位是扛起进攻大旗的猛男，不是你们口中的贱狗（帅哥）（雨一三）
B63: 生在红旗下 | C63: 220579554 | D63: 俞慕周 | E63: 5700 | F63: 60 | G63: 一,二,三 | H63: ★☆☆☆☆
B64: 洋芋 | C64: 255882400 | D64: 洋芋 | E64: 5900 | F64: 60 | G64: 五,三,四 | H64: ☆☆☆☆☆ | I64: 听话
B65: 温酒 | C65: 117970934 | D65: 温酒 | E65: 6000 | F65: 60 | G65: 四 | H65: ☆☆☆☆☆ | I65: 太久没玩，需要复建，现在有点菜
B66: MY all | C66: 202478084 | D66: 孟川 | E66: 6000 | F66: 60 | G66: 一,二,三 | H66: ☆☆☆☆☆ | I66: 重回玩家
B67: 山水有相逢 | C67: 344962233 | D67: 山水有相逢 | E67: 6000 | F67: 60 | G67: 二,三,四 | H67: ☆☆☆☆☆ | I67: 刷送躺
B68: 红猪 | C68: 171553343 | D68: 你是什么东西 | E68: 6000 | F68: 60 | G68: 三,五 | H68: ☆☆☆☆☆ | I68: 莽夫
B69: Funf | E69: 5000 | F69: 60 | G69: 一,二,三 | H69: ☆☆☆☆☆
B70: 味精一撮盐半勺 | C70: 208583383 | D70: 味精一撮盐半勺 | E70: 6000 | F70: 60 | G70: 三,四,五 | H70: ☆☆☆☆☆ | I70: 懒狗
B71: MistyR | C71: 190655054 | D71: 股王冲 | E71: 6000 | F71: 60 | H71: ☆☆☆☆☆
B72: ） | C72: 334481697 | D72: Mokaaaa. | E72: 6000 | F72: 60 | G72: 一,二,三 | H72: ☆☆☆☆☆
A73: 6 | B73: jose | C73: 1255409177 | D73: 修复了猛犸偶尔会空大 | E73: 6200 | F73: 59 | G73: 三 | H73: ★★☆☆☆ | I73: 没办法兄弟，我穷点没事，三号位是这样的，尽力了我的吧
A74: 15 | B74: End | C74: 354618808 | D74: TraxZ | E74: 6000 | F74: 58 | G74: 一,五 | H74: ★☆☆☆☆ | I74: 我是笑败的忠臣
B75: 箭似光阴 | C75: 345334297 | E75: 5900 | F75: 58 | G75: 一 | H75: ☆☆☆☆☆ | I75: 烈士路，辅助也能混
B76: DouYin38036...... | C76: 833682223 | D76: DouYin38036...... | E76: 5800 | F76: 58 | G76: 二 | H76: ☆☆☆☆☆ | I76: 云玩家纯bot
B77: 小李sk | C77: 137552792 | D77: 小李sk | E77: 5800 | F77: 58 | G77: 二 | H77: ☆☆☆☆☆ | I77: 香梨杯最低分中单，陀螺本螺
B78: Devil__Love | C78: 1101885767 | D78: Devil__Love | E78: 6500 | F78: 58 | G78: 四,五 | H78: ☆☆☆☆☆ | I78: 畜神和猪神的cp粉，胡老师歌迷，不是没赛打只是想解说的代表人物
B79: Horizon | C79: 144546331 | D79: Horizon | E79: 5700 | F79: 57 | G79: 五 | H79: ☆☆☆☆☆
B80: yu | C80: 283200408 | D80: yu | E80: 5600 | F80: 56 | G80: 三,四 | H80: ☆☆☆☆☆ | I80: 保枪咯
B81: 熊 | C81: 223646770 | D81: 熊 | E81: 5000 | F81: 55 | G81: 四,五 | H81: ☆☆☆☆☆ | I81: 臭酱油一枚
A82: 35 | B82: 宇文成都 | C82: 136662507 | E82: 5800 | F82: 55 | G82: 三,四 | H82: ☆☆☆☆☆ | I82: 笑败大神最忠诚的保安，冠绝以下无敌手，最擅长欺软怕硬、仗势欺人；劣势路已经被我玩穿了，打3对4要求很高，所以自己去打4了；
B83: 子熙 | C83: 207370853 | D83: 子熙六世 | E83: 5800 | F83: 55 | G83: 二,三,四,五 | H83: ☆☆☆☆☆ | I83: 目前战绩：一轮游×2，两轮游×1，谨慎选择
B84: LuYu | D84: LuYu | E84: 5200 | F84: 55 | G84: 一 | H84: ☆☆☆☆☆
B85: 龙城林子 | C85: 117252110 | D85: 龙城林子 | E85: 4100 | F85: 55 | G85: 二 | H85: ☆☆☆☆☆
A86: 18 | B86: 王亚祈 | C86: 417868870 | D86: αme | E86: 5500 | F86: 55 | G86: 一,四,五 | H86: ☆☆☆☆☆
B87: Vamoose | C87: 242739321 | D87: yyyy | E87: 5500 | F87: 55 | G87: 一,三,四,五 | H87: ☆☆☆☆☆
B88: 临江仙 | C88: 140389337 | D88: 临江仙 | E88: 5000 | F88: 54 | G88: 一,二,四 | H88: ☆☆☆☆☆
B89: luu | E89: 5500 | F89: 53 | G89: 二,三,四,五 | H89: ☆☆☆☆☆ | I89: 打爆对面 or 被对面打爆
A90: 16 | B90: 你也喜欢河马嘛 | C90: 189497913 | D90: 你也喜欢河马嘛 | E90: 5300 | F90: 53 | G90: 一,二,三,四,五 | H90: ☆☆☆☆☆ | I90: 新人求不虐
B91: 玖黎 | C91: 208333479 | D91: 玖黎 | E91: 5800 | F91: 52 | G91: 一,二,三 | H91: ★☆☆☆☆ | I91: 佛系青年
B92: Anssha | C92: 138862706 | D92: 不要欺负我 | E92: 5000 | F92: 52 | G92: 三,四 | H92: ★☆☆☆☆ | I92: 一万年没打了
B93: Ronin | C93: 136440896 | D93: 帅气逼人 | E93: 5000 | F93: 52 | G93: 二 | H93: ☆☆☆☆☆
B94: LuYu | C94: 177500570 | D94: LuYu | E94: 5200 | F94: 52 | G94: 一 | H94: ☆☆☆☆☆ | I94: 21克星
B95: 恕 | C95: 140594695 | D95: 黑山羊 | E95: 4900 | F95: 50 | G95: 二,三,五 | H95: ★★☆☆☆ | I95: ✌️😛✌️
A96: 29 | B96: 风 | C96: 178988576 | D96: 想赢的人脸上没有笑容 | E96: 5000 | F96: 50 | G96: 一,三 | H96: ☆☆☆☆☆ | I96: 复建选手
B97: 林三酒 | C97: 269543848 | D97: 林39 | E97: 5800 | F97: 50 | G97: 四,五 | H97: ☆☆☆☆☆
B98: Melancholy | C98: 179060539 | D98: 赛阔你嗨铁鸭子哒！ | E98: 5000 | F98: 50 | G98: 二 | H98: ☆☆☆☆☆ | I98: 进可炸线，退可查无此人
A99: 33 | B99: 杜麦尼 | C99: 157424993 | D99: 杜麦尼 | E99: 5000 | F99: 50 | G99: 一,二 | H99: ☆☆☆☆☆ | I99: 遇弱则弱，遇强则G
A100: 8 | B100: 。。~ | C100: 136537289 | D100: Hungover | E100: 5000 | F100: 50 | G100: 一,二,三,四 | H100: ☆☆☆☆☆ | I100: 赌
...

Sheet 微雨杯赛季记录
A1: 赛季 | B1: 名称 | C1: 冠军
A2: S1 | B2: 马国臻巧 | C2: 柬埔寨fy
C3: 黑色柳丁
C4: 21
C5: coconut
C6: 洋芋
A7: S2 | B7: 醉耀春锋

Sheet S2名单(草稿)
A1: 结束答题时间 | B1: 微信昵称 | D1: steamid | E1: 是否愿意成为队长
A2: 46097.633 | B2: 笑败 | C2: 笑败 | D2: 106964785 | E2: 否 | F2: 杜麦尼、老K、小刘、kevin未打过内战
A3: 46097.637 | B3: 授法 | C3: 授法 | D3: 370449300 | E3: 否
A4: 46097.637 | B4: 21 | C4: 21 | D4: 277443592 | E4: 否
A5: 46097.637 | B5: ） | C5: ） | D5: 334481697 | E5: 否
A6: 46097.637 | B6: 兆焱 | C6: 兆焱 | D6: 176191301 | E6: 是
A7: 46097.638 | B7: 大蟑螂 | C7: 大蟑螂 | D7: 341670770 | E7: 是
A8: 46097.638 | B8: PP | C8: PP | D8: 320479234 | E8: 否
A9: 46097.638 | B9: Summer丶夏 | C9: Summer丶夏 | D9: 355328125 | E9: 是
A10: 46097.639 | B10: ZMJ 玖黎 | C10: ZMJ 玖黎 | D10: 208333479 | E10: 否
A11: 46097.639 | B11: iqbs | C11: iqbs | D11: 383560624 | E11: 否
A12: 46097.639 | B12: 熊 | C12: 熊 | D12: 223646770 | E12: 否
A13: 46097.639 | B13: 洋芋 | C13: 洋芋 | D13: 255882400 | E13: 否
A14: 46097.64 | B14: 一颗大白菜 | C14: 一颗大白菜 | D14: 186753076 | E14: 是
A15: 46097.642 | B15: 芋头芭乐脑袋 | C15: 芋头芭乐脑袋 | D15: 168661508 | E15: 否
A16: 46097.642 | B16: 睡衣大大 | C16: 睡衣大大 | D16: 104465635 | E16: 否
... A21: 46097.647 | B21: 云天河 | C21: 云天河 | D21: 267719332 | E21: 是
A22: 46097.649 | B22: 芳心纵火犯 | C22: 芳心纵火犯 | D22: Leo. | E22: 否
A23: 46097.65 | B23: 蜡笔大雪 | C23: 蜡笔大雪 | D23: 畜高八斗 | E23: 否
A24: 46097.652 | B24: 赤夜紫雨 | C24: 赤夜紫雨 | D24: 187933845 | E24: 否
A25: 46097.653 | B25: Drugz | C25: Drugz | D25: 137306952 | E25: 否
A26: 46097.653 | B26: dalinya. | C26: dalinya. | D26: 李秀莲 | E26: 否
A27: 46097.655 | B27: 大蟑螂 | C27: 大蟑螂 | D27: 341670770 | E27: 是
A28: 46097.655 | B28: 临江仙 | C28: 临江仙 | D28: 140389337 | E28: 否
A29: 46097.663 | B29: 柬埔寨智慧笼 | C29: 柬埔寨智慧笼 | D29: 122810642 | E29: 否
A30: 46097.663 | B30: 老K | C30: 老K | D30: 148343069 | E30: 否
A31: 46097.669 | B31: 你也喜欢河马嘛 | C31: 你也喜欢河马嘛 | D31: 189497913 | E31: 否
A32: 46097.672 | B32: 哞哞 | C32: 哞哞 | D32: 235611786 | E32: 否
A33: 46097.672 | B33: 风 | C33: 风 | D33: 178988576 | E33: 否
A34: 46097.674 | B34: coconut | C34: coconut | D34: 108868178 | E34: 是
A35: 46097.675 | B35: 蒙面加菲猫 | C35: 蒙面加菲猫 | D35: 精品陪 | E35: 否
A36: 46097.675 | B36: 秋 | C36: 秋 | D36: 1004877057 | E36: 否
A37: 46097.676 | B37: 杜麦尼 | C37: #N/A | D37: 157424993 | E37: 否
A38: 46097.681 | B38: 温酒 | C38: 温酒 | D38: 117970934 | E38: 否
A39: 46097.689 | B39: YuuU | C39: YuuU | D39: 885588023 | E39: 是
A40: 46097.69 | B40: starling | C40: starling | D40: 400294058 | E40: 是
A41: 46097.692 | B41: 黑色柳丁 | C41: 黑色柳丁 | D41: 457383175 | E41: 否
A42: 46097.693 | B42: 踏雾 | C42: 踏雾 | D42: 164613165 | E42: 否
A43: 46097.699 | B43: No | C43: No | D43: 124599786 | E43: 否
A44: 46097.733 | B44: 招财喵 | C44: 招财喵 | D44: 136636318 | E44: 否
A45: 46097.768 | B45: 阿魂呐 | C45: 阿魂呐 | D45: 138558413 | E45: 否
A46: 46097.832 | B46: 游牧骑兵 | C46: 游牧骑兵 | D46: 351772086 | E46: 否
A47: 46098.376 | B47: 爱喝可乐的帅哥 | C47: 爱喝可乐的帅哥 | D47: 101126670 | E47: 否
A48: 46098.383 | B48: 猪 | C48: 猪 | D48: 266088396 | E48: 否
A49: 46098.39 | B49: 幺鸡 | C49: 幺鸡 | D49: 138720710 | E49: 否
... A56: 46098.984 | B56: END | C56: End | D56: 354618808 | E56: 否
A57: 46099.376 | B57: Jose | C57: jose | D57: 修复了猛犸偶尔会空大 | E57: 否
A58: 46099.377 | B58: 。。~ | C58: 。。~ | D58: 136537289 | E58: 否
A59: 46099.381 | B59: 老K | C59: #N/A | D59: 148343069 | E59: 否
A60: 46099.386 | B60: yu | C60: yu | D60: 283200408 | E60: 否
A61: 46099.39 | B61: 小牛 | C61: 小牛 | D61: 1259908216 | E61: 否
A62: 46099.393 | B62: 小胖 | C62: 小胖 | D62: 小胖 | E62: 否
A63: 46099.394 | B63: 小刘 | C63: #N/A | D63: 136356661 | E63: 否
A64: 46099.394 | B64: 大蟑螂 | C64: 大蟑螂 | D64: 341670770 | E64: 否
A65: 46099.397 | B65: iceice | C65: iceice | D65: 178778683 | E65: 否
A66: 46099.402 | B66: 小橙皮～ | C66: 小橙皮～ | D66: 228914641 | E66: 否
A67: 46099.414 | B67: Stacey | C67: Stacey | D67: 196524389 | E67: 否
A68: 46099.485 | B68: vamoose | C68: Vamoose | D68: 242739321 | E68: 否
A69: 46099.486 | B69: Ninelie | C69: Ninelie | D69: 401464166 | E69: 否
A70: 46099.493 | B70: 军 | C70: 军 | D70: 77006306 | E70: 否
A71: 46099.503 | B71: kevin | C71: #N/A | D71: 338904148 | E71: 否
A72: 46099.542 | B72: 余生不过两万天 | C72: 余生不过两万天 | D72: 193243759 | E72: 否

Sheet 截至20260318参加过内战名单
A1: 兆焱
A2: Summer丶夏
A3: 懂王
A4: nox
A5: 绮怀.
A6: Tourbillion
A7: 21
A8: 天命
A9: luyaju
A10: 鸭嘴兽
A11: 老佛
A12: 笑败
A13: 风六六
A14: 风九九
A15: 花基
A16: 风
A17: 雲天河
A18: DouYin38036......
A19: kaze
... A62: 普通朋友
A63: 21
A64: 天命
A65: 熟张
A66: 踏雾
A67: Summer丶夏
A68: 春雨
A69: 临江仙
A70: nox
A71: Summer丶夏
A72: 懂王
A73: 雲天河
A74: 你也喜欢河马嘛
A75: 花基
... A111: Z
A112: 21
A113: 柬埔寨fy
A114: 恕
A115: 绮怀.
A116: 兆焱
A117: PP
A118: 日月同错
A119: 心念（风九九）
A120: YYT
A121: 精品陪
A122: 车长老
A123: 子熙
A124: 你也喜欢河马嘛
... A206: 梅林
A207: 21
A208: 蜡笔小雪
A209: 小牛
A210: 西红柿不炒蛋
A211: nox
A212: oksven
A213: 精品陪
A214: 雲天河
A215: Funf
A216: Ryoko凉子
A217: Y
A218: 子熙
A219: 阿魂呐
... A263: iez
A264: 21
A265: 玖黎
A266: 绮怀.
A267: 风
A268: Z
A269: yu
A270: 玖黎
A271: 忧郁的苹果君
A272: 所念皆星河
A273: sdy
A274: 中专肄业
A275: 余生只有
A276: 龙城林子
... A292: 秋
A293: 21
A294: jose
A295: 睡衣大大
A296: 荼霏
A297: 秋
A298: 熊
A299: 阿魂呐
A300: 授法
A301: Summer丶夏
A302: iqbs
A303: Z
A304: 小牛
A305: 哞哞
... A322: 车长老
A323: 21
A324: PP
A325: 洋芋
A326: 风Ain-t
A327: 绮怀.
A328: iqbs
A329: 小牛
A330: ）
A331: AA酒水范子
A332: defencex
...

Sheet 拍卖规则
A2: 拍卖时间：2026年3月19日 20:00 拍卖规则： 1.队长根据自身战力值不同，拍卖资金不同； 2.底价为战力值向下取整（如89战力值，拍卖价为80起），最低不能低于20； 3.队长有责任留足够底价，防止自己无法凑齐5人； 4.拍卖顺序采取阶梯式随机（如6000-8000打乱）。
A15: 平均战力*5*1.6-自己战力*1.6（90以上1.7

Sheet 为爱发电记录表
A1: 感谢所有热心群友为爱发电，排名不分先后
A2: 昵称 | B2: 赞助 | C2: 规则 | D2: 使用情况
A3: 微雨 | B3: 红包封面×16 | C3: 冠军
A4: 胡老师 | B4: 花唧唧鼠标垫 | C4: 暴走 | D4: 2.6上帝暴走
B5: 汉源车厘子啤酒6罐 | C5: 2.8KDA最高 | D5: 上帝
B6: 雅安藏茶（浓香型） | C6: 2.9KDA最高 | D6: 笑败
B7: 蔬果干 | C7: 2.10辅助助攻最多 | D7: 幺鸡
B8: 蔬果干 | C8: 2.11辅助死亡最少
B9: 100
B10: 苹果黄芪元气茶 | C10: 3.6
A11: 心念 | B11: 50 | C11: 2.7冠军 | D11: 已使用
B12: 100 | C12: 2.9冠军 | D12: 已使用
A13: 上帝 | B13: 100 | C13: 2.8冠军 | D13: 已使用
A14: jose | B14: 100 | C14: 2.11冠军
A15: 笑败 | B15: 100 | C15: 2.10冠军 | D15: 已使用
A16: leo | B16: 100 | C16: 2.12冠军
A17: 阿鱼 | B17: 200 | C17: 2.12 12348
A18: 廷总 | B18: 260 | C18: 解说每个bo3拿20
B19: 500 | C19: 解说积分换购
A20: 马来王子 | B20: 马来西亚特产巧克力×5 | C20: S1冠军
B21: 牧马人K100机械键盘鼠标 | C21: S1KDA最高
B22: 500 | C22: S2
A23: iqbs | B23: 100 | C23: 3.2-3.3内战
A24: ling | B24: 100 | C24: 3.4内战
A25: Z | B25: 100 | C25: 3.11内战
A26: BLY | B26: 100
A27: 爱喝可乐的帅哥 | B27: 100 | C27: S2
A28: 云天河 | B28: 100 | C28: 3.6助攻最高的妹妹 | E28: 致谢云天河老板倾情助力微雨杯 菱纱灵动，携侠风暖赛场； 梦璃清雅，蕴雅韵润初心。 双姝相映温柔在， 微雨相逢共此程。
B29: 100 | C29: 3.6妹妹均分
A30: 忧郁的苹果君 | B30: 100

Sheet 组委会名单
A1: 🌨 | B1: - | C1: 精品赞助商微雨老师
A2: 兆焱 | B2: 283980530 | C2: 精品上帝
A3: 笑败 | B3: 106964785 | C3: 精品副群主
A4: 小小Zuilekha | B4: 283980530 | C4: 精品秘书
A5: 🍒招财喵՞ | B5: 136636318 | C5: 精品脑子
A6: 齐梓轩Leo | B6: 137784091 | C6: 精品全能
A7: 这个夏天-北冥雪 | B7: 283980530 | C7: 精品小狗
A8: 反反反弹-廷总 | B8: 137306952 | C8: 精品PM
A9: 日月同错-骚骚 | B9: 283980530 | C9: 精品程序员
A10: bobobo | B10: 283980530 | C10: 精品打酱油
A11: 绮怀.-ling神 | B11: 283980530 | C11: 精品牛马
A12: 小肥羊 | C12: 精品解说A
A13: 忧郁的苹果君 | C13: 精品解说B

Sheet 0317内战
B1: 接龙序号 | C1: 微信昵称（群） | D1: 战力值 | E1: 数字id | F1: 参考分数 | G1: 擅长位置 | H1: 备注 | N1: 赛程（一晚上解决，突出一个短平快）
B2: 12 | C2: =VLOOKUP(B2,选手名单!A:I,2,0) -> 秋 | D2: =VLOOKUP(B2,选手名单!A:I,6,0) -> 90 | E2: =VLOOKUP(B2,选手名单!A:I,3,0) -> 1004877057 | F2: =VLOOKUP(B2,选手名单!A:I,5,0) -> 9000 | G2: =VLOOKUP(B2,选手名单!A:I,7,0) -> 一,二,三,四 | I2: 秋 | K2: 赤夜紫雨 | N2: A辞
B3: 13 | C3: =VLOOKUP(B3,选手名单!A:I,2,0) -> 赤夜紫雨 | D3: =VLOOKUP(B3,选手名单!A:I,6,0) -> 89 | E3: =VLOOKUP(B3,选手名单!A:I,3,0) -> 187933845 | F3: =VLOOKUP(B3,选手名单!A:I,5,0) -> 8100 | G3: =VLOOKUP(B3,选手名单!A:I,7,0) -> 一,三 | I3: 秋 | J3: 90 | K3: 赤夜紫雨 | L3: 89
B4: 23 | C4: =VLOOKUP(B4,选手名单!A:I,2,0) -> 辞 | D4: =VLOOKUP(B4,选手名单!A:I,6,0) -> 88 | E4: =VLOOKUP(B4,选手名单!A:I,3,0) -> 417861014 | F4: =VLOOKUP(B4,选手名单!A:I,5,0) -> 8300 | G4: =VLOOKUP(B4,选手名单!A:I,7,0) -> 一,二 | I4: 蜡笔小雪 | J4: 60 | K4: iqbs | L4: 77 | Q4: B秋
B5: 7 | C5: =VLOOKUP(B5,选手名单!A:I,2,0) -> 大蟑螂 | D5: =VLOOKUP(B5,选手名单!A:I,6,0) -> 87 | E5: =VLOOKUP(B5,选手名单!A:I,3,0) -> 341670770 | F5: =VLOOKUP(B5,选手名单!A:I,5,0) -> 9000 | G5: =VLOOKUP(B5,选手名单!A:I,7,0) -> 二 | I5: 小牛 | J5: 75 | K5: 睡衣大大 | L5: 63
B6: 1 | C6: =VLOOKUP(B6,选手名单!A:I,2,0) -> 笑败 | D6: =VLOOKUP(B6,选手名单!A:I,6,0) -> 84 | E6: =VLOOKUP(B6,选手名单!A:I,3,0) -> 106964785 | F6: =VLOOKUP(B6,选手名单!A:I,5,0) -> 8330 | G6: =VLOOKUP(B6,选手名单!A:I,7,0) -> 一 | I6: End | J6: 58 | K6: 王亚祈 | L6: 55 | N6: B秋
B7: 10 | C7: =VLOOKUP(B7,选手名单!A:I,2,0) -> 阿魂呐 | D7: =VLOOKUP(B7,选手名单!A:I,6,0) -> 81 | E7: =VLOOKUP(B7,选手名单!A:I,3,0) -> 138558413 | F7: =VLOOKUP(B7,选手名单!A:I,5,0) -> 7500 | G7: =VLOOKUP(B7,选手名单!A:I,7,0) -> 二 | I7: 军 | J7: 45 | K7: 寥寥 | L7: 40
B8: 25 | C8: =VLOOKUP(B8,选手名单!A:I,2,0) -> iqbs | D8: =VLOOKUP(B8,选手名单!A:I,6,0) -> 77 | E8: =VLOOKUP(B8,选手名单!A:I,3,0) -> 383560624 | F8: =VLOOKUP(B8,选手名单!A:I,5,0) -> 7700 | G8: =VLOOKUP(B8,选手名单!A:I,7,0) -> 四,五,三 | I8: 总分 | J8: =SUM(J3:J7) -> 328 | K8: 总分 | L8: =SUM(L3:L7) -> 324
B9: 27 | C9: =VLOOKUP(B9,选手名单!A:I,2,0) -> YuuU | D9: =VLOOKUP(B9,选手名单!A:I,6,0) -> 77 | E9: =VLOOKUP(B9,选手名单!A:I,3,0) -> 885588023 | F9: =VLOOKUP(B9,选手名单!A:I,5,0) -> 7000 | G9: =VLOOKUP(B9,选手名单!A:I,7,0) -> 一,二,三,四,五 | I9: 辞 | K9: 大蟑螂 | N9: C笑败
B10: 24 | C10: =VLOOKUP(B10,选手名单!A:I,2,0) -> 雲天河 | D10: =VLOOKUP(B10,选手名单!A:I,6,0) -> 76 | E10: =VLOOKUP(B10,选手名单!A:I,3,0) -> 267719332 | F10: =VLOOKUP(B10,选手名单!A:I,5,0) -> 6500 | G10: =VLOOKUP(B10,选手名单!A:I,7,0) -> 二,四,五 | I10: 辞 | J10: 88 | K10: 大蟑螂 | L10: 87
B11: 2 | C11: =VLOOKUP(B11,选手名单!A:I,2,0) -> 一颗大白菜 | D11: =VLOOKUP(B11,选手名单!A:I,6,0) -> 75 | E11: =VLOOKUP(B11,选手名单!A:I,3,0) -> 186753076 | F11: =VLOOKUP(B11,选手名单!A:I,5,0) -> 7500 | G11: =VLOOKUP(B11,选手名单!A:I,7,0) -> 一,二,三 | I11: YuuU | J11: 77 | K11: starling | L11: 34 | Q11: D赤夜紫雨
B12: 19 | C12: =VLOOKUP(B12,选手名单!A:I,2,0) -> 21 | D12: =VLOOKUP(B12,选手名单!A:I,6,0) -> 75 | E12: =VLOOKUP(B12,选手名单!A:I,3,0) -> 277443592 | F12: =VLOOKUP(B12,选手名单!A:I,5,0) -> 6800 | G12: =VLOOKUP(B12,选手名单!A:I,7,0) -> 一 | I12: 雲天河 | J12: 76 | K12: 21 | L12: 75 | W12: 🏆
B13: 26 | C13: =VLOOKUP(B13,选手名单!A:I,2,0) -> 小牛 | D13: =VLOOKUP(B13,选手名单!A:I,6,0) -> 75 | E13: =VLOOKUP(B13,选手名单!A:I,3,0) -> 1259908216 | F13: =VLOOKUP(B13,选手名单!A:I,5,0) -> 7500 | G13: =VLOOKUP(B13,选手名单!A:I,7,0) -> 二 | I13: 游牧骑兵 | J13: 40 | K13: 哞哞 | L13: 65 | N13: D赤夜紫雨
B14: 30 | C14: =VLOOKUP(B14,选手名单!A:I,2,0) -> 荼霏 | D14: =VLOOKUP(B14,选手名单!A:I,6,0) -> 75 | E14: =VLOOKUP(B14,选手名单!A:I,3,0) -> 137852652 | F14: =VLOOKUP(B14,选手名单!A:I,5,0) -> 6800 | G14: =VLOOKUP(B14,选手名单!A:I,7,0) -> 一,二,四,五 | I14: 风 | J14: 50 | K14: 芋头芭乐脑袋 | L14: 34
B15: 28 | C15: =VLOOKUP(B15,选手名单!A:I,2,0) -> BLY | D15: =VLOOKUP(B15,选手名单!A:I,6,0) -> 72 | E15: =VLOOKUP(B15,选手名单!A:I,3,0) -> 323934704 | F15: =VLOOKUP(B15,选手名单!A:I,5,0) -> 6400 | G15: =VLOOKUP(B15,选手名单!A:I,7,0) -> 一 | I15: 总分 | J15: =SUM(J10:J14) -> 331 | K15: 总分 | L15: =SUM(L10:L14) -> 295
B16: 22 | C16: =VLOOKUP(B16,选手名单!A:I,2,0) -> 哞哞 | D16: =VLOOKUP(B16,选手名单!A:I,6,0) -> 65 | E16: =VLOOKUP(B16,选手名单!A:I,3,0) -> 235611786 | F16: =VLOOKUP(B16,选手名单!A:I,5,0) -> 4300 | G16: =VLOOKUP(B16,选手名单!A:I,7,0) -> 二 | I16: 笑败 | K16: 阿魂 | N16: E阿魂
B17: 3 | C17: =VLOOKUP(B17,选手名单!A:I,2,0) -> 睡衣大大 | D17: =VLOOKUP(B17,选手名单!A:I,6,0) -> 63 | E17: =VLOOKUP(B17,选手名单!A:I,3,0) -> 104465635 | F17: =VLOOKUP(B17,选手名单!A:I,5,0) -> 6000 | G17: =VLOOKUP(B17,选手名单!A:I,7,0) -> 一,二 | I17: 笑败 | J17: 84 | K17: 阿魂呐 | L17: 81
B18: 5 | C18: =VLOOKUP(B18,选手名单!A:I,2,0) -> 蜡笔小雪 | D18: =VLOOKUP(B18,选手名单!A:I,6,0) -> 60 | E18: =VLOOKUP(B18,选手名单!A:I,3,0) -> 154029585 | F18: =VLOOKUP(B18,选手名单!A:I,5,0) -> 6000 | G18: =VLOOKUP(B18,选手名单!A:I,7,0) -> 三 | I18: 荼霏 | J18: 75 | K18: 你也喜欢河马嘛 | L18: 53 | Q18: E阿魂
B19: 6 | C19: =VLOOKUP(B19,选手名单!A:I,2,0) -> jose | D19: =VLOOKUP(B19,选手名单!A:I,6,0) -> 59 | E19: =VLOOKUP(B19,选手名单!A:I,3,0) -> 1255409177 | F19: =VLOOKUP(B19,选手名单!A:I,5,0) -> 6200 | G19: =VLOOKUP(B19,选手名单!A:I,7,0) -> 三 | I19: iceice | J19: 45 | K19: 一颗大白菜 | L19: 75
B20: 15 | C20: =VLOOKUP(B20,选手名单!A:I,2,0) -> End | D20: =VLOOKUP(B20,选手名单!A:I,6,0) -> 58 | E20: =VLOOKUP(B20,选手名单!A:I,3,0) -> 354618808 | F20: =VLOOKUP(B20,选手名单!A:I,5,0) -> 6000 | G20: =VLOOKUP(B20,选手名单!A:I,7,0) -> 一,五 | I20: BLY | J20: 72 | K20: jose | L20: 59 | N20: F大蟑螂
B21: 18 | C21: =VLOOKUP(B21,选手名单!A:I,2,0) -> 王亚祈 | D21: =VLOOKUP(B21,选手名单!A:I,6,0) -> 55 | E21: =VLOOKUP(B21,选手名单!A:I,3,0) -> 417868870 | F21: =VLOOKUP(B21,选手名单!A:I,5,0) -> 5500 | G21: =VLOOKUP(B21,选手名单!A:I,7,0) -> 一,四,五 | I21: 小橙皮～ | J21: 41 | K21: 。。~ | L21: 50
B22: 16 | C22: =VLOOKUP(B22,选手名单!A:I,2,0) -> 你也喜欢河马嘛 | D22: =VLOOKUP(B22,选手名单!A:I,6,0) -> 53 | E22: =VLOOKUP(B22,选手名单!A:I,3,0) -> 189497913 | F22: =VLOOKUP(B22,选手名单!A:I,5,0) -> 5300 | G22: =VLOOKUP(B22,选手名单!A:I,7,0) -> 一,二,三,四,五 | I22: 总分 | J22: =SUM(J17:J21) -> 317 | K22: 总分 | L22: =SUM(L17:L21) -> 318
B23: 8 | C23: =VLOOKUP(B23,选手名单!A:I,2,0) -> 。。~ | D23: =VLOOKUP(B23,选手名单!A:I,6,0) -> 50 | E23: =VLOOKUP(B23,选手名单!A:I,3,0) -> 136537289 | F23: =VLOOKUP(B23,选手名单!A:I,5,0) -> 5000 | G23: =VLOOKUP(B23,选手名单!A:I,7,0) -> 一,二,三,四
B24: 29 | C24: =VLOOKUP(B24,选手名单!A:I,2,0) -> 风 | D24: =VLOOKUP(B24,选手名单!A:I,6,0) -> 50 | E24: =VLOOKUP(B24,选手名单!A:I,3,0) -> 178988576 | F24: =VLOOKUP(B24,选手名单!A:I,5,0) -> 5000 | G24: =VLOOKUP(B24,选手名单!A:I,7,0) -> 一,三
B25: 4 | C25: =VLOOKUP(B25,选手名单!A:I,2,0) -> 军 | D25: =VLOOKUP(B25,选手名单!A:I,6,0) -> 45 | E25: =VLOOKUP(B25,选手名单!A:I,3,0) -> 77006306 | F25: =VLOOKUP(B25,选手名单!A:I,5,0) -> 4600 | G25: =VLOOKUP(B25,选手名单!A:I,7,0) -> 三,四 | Q25: F大蟑螂
B26: 11 | C26: =VLOOKUP(B26,选手名单!A:I,2,0) -> iceice | D26: =VLOOKUP(B26,选手名单!A:I,6,0) -> 45 | E26: =VLOOKUP(B26,选手名单!A:I,3,0) -> 0 | F26: =VLOOKUP(B26,选手名单!A:I,5,0) -> 5500 | G26: =VLOOKUP(B26,选手名单!A:I,7,0) -> 四,五
B27: 14 | C27: =VLOOKUP(B27,选手名单!A:I,2,0) -> 小橙皮～ | D27: =VLOOKUP(B27,选手名单!A:I,6,0) -> 41 | E27: =VLOOKUP(B27,选手名单!A:I,3,0) -> 228914641 | F27: =VLOOKUP(B27,选手名单!A:I,5,0) -> 4600 | G27: =VLOOKUP(B27,选手名单!A:I,7,0) -> 四,五
B28: 17 | C28: =VLOOKUP(B28,选手名单!A:I,2,0) -> 寥寥 | D28: =VLOOKUP(B28,选手名单!A:I,6,0) -> 40 | E28: =VLOOKUP(B28,选手名单!A:I,3,0) -> 158643480 | F28: =VLOOKUP(B28,选手名单!A:I,5,0) -> 4000 | G28: =VLOOKUP(B28,选手名单!A:I,7,0) -> 一,二,三,四,五
B29: 21 | C29: =VLOOKUP(B29,选手名单!A:I,2,0) -> 游牧骑兵 | D29: =VLOOKUP(B29,选手名单!A:I,6,0) -> 40 | E29: =VLOOKUP(B29,选手名单!A:I,3,0) -> 351772086 | F29: =VLOOKUP(B29,选手名单!A:I,5,0) -> 3000 | G29: =VLOOKUP(B29,选手名单!A:I,7,0) -> 三,四,五
B30: 9 | C30: =VLOOKUP(B30,选手名单!A:I,2,0) -> starling | D30: =VLOOKUP(B30,选手名单!A:I,6,0) -> 34 | E30: =VLOOKUP(B30,选手名单!A:I,3,0) -> 400294058 | F30: =VLOOKUP(B30,选手名单!A:I,5,0) -> 4000 | G30: =VLOOKUP(B30,选手名单!A:I,7,0) -> 四,五
B31: 20 | C31: =VLOOKUP(B31,选手名单!A:I,2,0) -> 芋头芭乐脑袋 | D31: =VLOOKUP(B31,选手名单!A:I,6,0) -> 34 | E31: =VLOOKUP(B31,选手名单!A:I,3,0) -> 168661508 | F31: =VLOOKUP(B31,选手名单!A:I,5,0) -> 3400 | G31: =VLOOKUP(B31,选手名单!A:I,7,0) -> 四,五

Sheet 0315内战
B1: 接龙序号 | C1: 微信昵称（群） | D1: 战力值 | E1: 数字id | F1: 参考分数 | G1: 擅长位置 | H1: 备注 | N1: 赛程（一晚上解决，突出一个短平快）
B2: 2 | C2: =VLOOKUP(B2,选手名单!A:I,2,0) -> 一颗大白菜 | D2: =VLOOKUP(B2,选手名单!A:I,6,0) -> 75 | E2: =VLOOKUP(B2,选手名单!A:I,3,0) -> 186753076 | F2: =VLOOKUP(B2,选手名单!A:I,5,0) -> 7500 | G2: =VLOOKUP(B2,选手名单!A:I,7,0) -> 一,二,三 | I2: 丫丫 | K2: 陈 | N2: 丫丫
B3: 3 | C3: =VLOOKUP(B3,选手名单!A:I,2,0) -> 睡衣大大 | D3: =VLOOKUP(B3,选手名单!A:I,6,0) -> 63 | E3: =VLOOKUP(B3,选手名单!A:I,3,0) -> 104465635 | F3: =VLOOKUP(B3,选手名单!A:I,5,0) -> 6000 | G3: =VLOOKUP(B3,选手名单!A:I,7,0) -> 一,二 | I3: 丫丫5 | J3: 25 | K3: 陈34 | L3: 40
B4: 4 | C4: =VLOOKUP(B4,选手名单!A:I,2,0) -> 军 | D4: =VLOOKUP(B4,选手名单!A:I,6,0) -> 45 | E4: =VLOOKUP(B4,选手名单!A:I,3,0) -> 77006306 | F4: =VLOOKUP(B4,选手名单!A:I,5,0) -> 4600 | G4: =VLOOKUP(B4,选手名单!A:I,7,0) -> 三,四 | I4: Ryoko凉子 | J4: 43 | K4: 反反反弹 | L4: 40 | N4: rd BO3
B5: 5 | C5: =VLOOKUP(B5,选手名单!A:I,2,0) -> 蜡笔小雪 | D5: =VLOOKUP(B5,选手名单!A:I,6,0) -> 60 | E5: =VLOOKUP(B5,选手名单!A:I,3,0) -> 154029585 | F5: =VLOOKUP(B5,选手名单!A:I,5,0) -> 6000 | G5: =VLOOKUP(B5,选手名单!A:I,7,0) -> 三 | I5: 游牧骑兵 | J5: 40 | K5: 绮怀. | L5: 28
B6: 13 | C6: =VLOOKUP(B6,选手名单!A:I,2,0) -> 赤夜紫雨 | D6: =VLOOKUP(B6,选手名单!A:I,6,0) -> 89 | E6: =VLOOKUP(B6,选手名单!A:I,3,0) -> 187933845 | F6: =VLOOKUP(B6,选手名单!A:I,5,0) -> 8100 | G6: =VLOOKUP(B6,选手名单!A:I,7,0) -> 一,三 | I6: 小乐 | J6: 32 | K6: starling | L6: 34 | N6: 陈
B7: 8 | C7: =VLOOKUP(B7,选手名单!A:I,2,0) -> 。。~ | D7: =VLOOKUP(B7,选手名单!A:I,6,0) -> 50 | E7: =VLOOKUP(B7,选手名单!A:I,3,0) -> 136537289 | F7: =VLOOKUP(B7,选手名单!A:I,5,0) -> 5000 | G7: =VLOOKUP(B7,选手名单!A:I,7,0) -> 一,二,三,四 | I7: 云南红豆汤 | J7: 20 | K7: 芋头芭乐脑袋 | L7: 34
B8: 11 | C8: =VLOOKUP(B8,选手名单!A:I,2,0) -> iceice | D8: =VLOOKUP(B8,选手名单!A:I,6,0) -> 45 | E8: =VLOOKUP(B8,选手名单!A:I,3,0) -> 0 | F8: =VLOOKUP(B8,选手名单!A:I,5,0) -> 5500 | G8: =VLOOKUP(B8,选手名单!A:I,7,0) -> 四,五 | I8: 总分 | J8: =SUM(J3:J7) -> 160 | K8: 总分 | L8: =SUM(L3:L7) -> 176
B9: 7 | C9: =VLOOKUP(B9,选手名单!A:I,2,0) -> 大蟑螂 | D9: =VLOOKUP(B9,选手名单!A:I,6,0) -> 87 | E9: =VLOOKUP(B9,选手名单!A:I,3,0) -> 341670770 | F9: =VLOOKUP(B9,选手名单!A:I,5,0) -> 9000 | G9: =VLOOKUP(B9,选手名单!A:I,7,0) -> 二
B16: 15 | C16: =VLOOKUP(B16,选手名单!A:I,2,0) -> End | D16: =VLOOKUP(B16,选手名单!A:I,6,0) -> 58 | E16: =VLOOKUP(B16,选手名单!A:I,3,0) -> 354618808 | F16: =VLOOKUP(B16,选手名单!A:I,5,0) -> 6000 | G16: =VLOOKUP(B16,选手名单!A:I,7,0) -> 一,五
B17: 16 | C17: =VLOOKUP(B17,选手名单!A:I,2,0) -> 你也喜欢河马嘛 | D17: =VLOOKUP(B17,选手名单!A:I,6,0) -> 53 | E17: =VLOOKUP(B17,选手名单!A:I,3,0) -> 189497913 | F17: =VLOOKUP(B17,选手名单!A:I,5,0) -> 5300 | G17: =VLOOKUP(B17,选手名单!A:I,7,0) -> 一,二,三,四,五
B18: 17 | C18: =VLOOKUP(B18,选手名单!A:I,2,0) -> 寥寥 | D18: =VLOOKUP(B18,选手名单!A:I,6,0) -> 40 | E18: =VLOOKUP(B18,选手名单!A:I,3,0) -> 158643480 | F18: =VLOOKUP(B18,选手名单!A:I,5,0) -> 4000 | G18: =VLOOKUP(B18,选手名单!A:I,7,0) -> 一,二,三,四,五
B19: 18 | C19: =VLOOKUP(B19,选手名单!A:I,2,0) -> 王亚祈 | D19: =VLOOKUP(B19,选手名单!A:I,6,0) -> 55 | E19: =VLOOKUP(B19,选手名单!A:I,3,0) -> 417868870 | F19: =VLOOKUP(B19,选手名单!A:I,5,0) -> 5500 | G19: =VLOOKUP(B19,选手名单!A:I,7,0) -> 一,四,五
B20: 19 | C20: =VLOOKUP(B20,选手名单!A:I,2,0) -> 21 | D20: =VLOOKUP(B20,选手名单!A:I,6,0) -> 75 | E20: =VLOOKUP(B20,选手名单!A:I,3,0) -> 277443592 | F20: =VLOOKUP(B20,选手名单!A:I,5,0) -> 6800 | G20: =VLOOKUP(B20,选手名单!A:I,7,0) -> 一
B21: 20 | C21: =VLOOKUP(B21,选手名单!A:I,2,0) -> 芋头芭乐脑袋 | D21: =VLOOKUP(B21,选手名单!A:I,6,0) -> 34 | E21: =VLOOKUP(B21,选手名单!A:I,3,0) -> 168661508 | F21: =VLOOKUP(B21,选手名单!A:I,5,0) -> 3400 | G21: =VLOOKUP(B21,选手名单!A:I,7,0) -> 四,五
B22: 7 | C22: =VLOOKUP(B22,选手名单!A:I,2,0) -> 大蟑螂 | D22: =VLOOKUP(B22,选手名单!A:I,6,0) -> 87 | E22: =VLOOKUP(B22,选手名单!A:I,3,0) -> 341670770 | F22: =VLOOKUP(B22,选手名单!A:I,5,0) -> 9000 | G22: =VLOOKUP(B22,选手名单!A:I,7,0) -> 二
B23: 9 | C23: =VLOOKUP(B23,选手名单!A:I,2,0) -> starling | D23: =VLOOKUP(B23,选手名单!A:I,6,0) -> 34 | E23: =VLOOKUP(B23,选手名单!A:I,3,0) -> 400294058 | F23: =VLOOKUP(B23,选手名单!A:I,5,0) -> 4000 | G23: =VLOOKUP(B23,选手名单!A:I,7,0) -> 四,五
B24: 10 | C24: =VLOOKUP(B24,选手名单!A:I,2,0) -> 阿魂呐 | D24: =VLOOKUP(B24,选手名单!A:I,6,0) -> 81 | E24: =VLOOKUP(B24,选手名单!A:I,3,0) -> 138558413 | F24: =VLOOKUP(B24,选手名单!A:I,5,0) -> 7500 | G24: =VLOOKUP(B24,选手名单!A:I,7,0) -> 二
B25: 12 | C25: =VLOOKUP(B25,选手名单!A:I,2,0) -> 秋 | D25: =VLOOKUP(B25,选手名单!A:I,6,0) -> 90 | E25: =VLOOKUP(B25,选手名单!A:I,3,0) -> 1004877057 | F25: =VLOOKUP(B25,选手名单!A:I,5,0) -> 9000 | G25: =VLOOKUP(B25,选手名单!A:I,7,0) -> 一,二,三,四
B26: 13 | C26: =VLOOKUP(B26,选手名单!A:I,2,0) -> 赤夜紫雨 | D26: =VLOOKUP(B26,选手名单!A:I,6,0) -> 89 | E26: =VLOOKUP(B26,选手名单!A:I,3,0) -> 187933845 | F26: =VLOOKUP(B26,选手名单!A:I,5,0) -> 8100 | G26: =VLOOKUP(B26,选手名单!A:I,7,0) -> 一,三
B27: 1 | C27: =VLOOKUP(B27,选手名单!A:I,2,0) -> 笑败 | D27: =VLOOKUP(B27,选手名单!A:I,6,0) -> 84 | E27: =VLOOKUP(B27,选手名单!A:I,3,0) -> 106964785 | F27: =VLOOKUP(B27,选手名单!A:I,5,0) -> 8330 | G27: =VLOOKUP(B27,选手名单!A:I,7,0) -> 一

Sheet 0313内战
B1: 接龙序号 | C1: 微信昵称（群） | D1: 战力值 | E1: 数字id | F1: 参考分数 | G1: 擅长位置 | H1: 备注 | N1: 赛程（一晚上解决，突出一个短平快）
B2: 20 | C2: =VLOOKUP(B2,选手名单!A:I,2,0) -> 芋头芭乐脑袋 | D2: =VLOOKUP(B2,选手名单!A:I,6,0) -> 34 | E2: =VLOOKUP(B2,选手名单!A:I,3,0) -> 168661508 | F2: =VLOOKUP(B2,选手名单!A:I,5,0) -> 3400 | G2: =VLOOKUP(B2,选手名单!A:I,7,0) -> 四,五 | I2: 蟑螂 | K2: 笑败 | N2: 蟑螂
B3: 7 | C3: =VLOOKUP(B3,选手名单!A:I,2,0) -> 大蟑螂 | D3: =VLOOKUP(B3,选手名单!A:I,6,0) -> 87 | E3: =VLOOKUP(B3,选手名单!A:I,3,0) -> 341670770 | F3: =VLOOKUP(B3,选手名单!A:I,5,0) -> 9000 | G3: =VLOOKUP(B3,选手名单!A:I,7,0) -> 二 | I3: 蟑螂 | J3: 87 | K3: 笑败 | L3: 84
B4: 18 | C4: =VLOOKUP(B4,选手名单!A:I,2,0) -> 王亚祈 | D4: =VLOOKUP(B4,选手名单!A:I,6,0) -> 55 | E4: =VLOOKUP(B4,选手名单!A:I,3,0) -> 417868870 | F4: =VLOOKUP(B4,选手名单!A:I,5,0) -> 5500 | G4: =VLOOKUP(B4,选手名单!A:I,7,0) -> 一,四,五 | I4: 游牧骑兵 | J4: 40 | K4: 忧郁的苹果君 | L4: 30 | N4: 第1组BO1 | Q4: 蟑螂
B5: 17 | C5: =VLOOKUP(B5,选手名单!A:I,2,0) -> 寥寥 | D5: =VLOOKUP(B5,选手名单!A:I,6,0) -> 40 | E5: =VLOOKUP(B5,选手名单!A:I,3,0) -> 158643480 | F5: =VLOOKUP(B5,选手名单!A:I,5,0) -> 4000 | G5: =VLOOKUP(B5,选手名单!A:I,7,0) -> 一,二,三,四,五 | I5: 小牛 | J5: 75 | K5: 赤夜紫雨 | L5: 89
B6: 14 | C6: =VLOOKUP(B6,选手名单!A:I,2,0) -> 小橙皮～ | D6: =VLOOKUP(B6,选手名单!A:I,6,0) -> 41 | E6: =VLOOKUP(B6,选手名单!A:I,3,0) -> 228914641 | F6: =VLOOKUP(B6,选手名单!A:I,5,0) -> 4600 | G6: =VLOOKUP(B6,选手名单!A:I,7,0) -> 四,五 | I6: yu | J6: 56 | K6: 一颗大白菜 | L6: 75 | N6: summer | Q6: 决赛bo1
B7: 16 | C7: =VLOOKUP(B7,选手名单!A:I,2,0) -> 你也喜欢河马嘛 | D7: =VLOOKUP(B7,选手名单!A:I,6,0) -> 53 | E7: =VLOOKUP(B7,选手名单!A:I,3,0) -> 189497913 | F7: =VLOOKUP(B7,选手名单!A:I,5,0) -> 5300 | G7: =VLOOKUP(B7,选手名单!A:I,7,0) -> 一,二,三,四,五 | I7: 王亚祈 | J7: 55 | K7: 龙城林子 | L7: 55 | T7: end
B8: 11 | C8: =VLOOKUP(B8,选手名单!A:I,2,0) -> iceice | D8: =VLOOKUP(B8,选手名单!A:I,6,0) -> 45 | E8: =VLOOKUP(B8,选手名单!A:I,3,0) -> 0 | F8: =VLOOKUP(B8,选手名单!A:I,5,0) -> 5500 | G8: =VLOOKUP(B8,选手名单!A:I,7,0) -> 四,五 | I8: 总分 | J8: =SUM(J3:J7) -> 313 | K8: 总分 | L8: =SUM(L3:L7) -> 333
B9: 2 | C9: =VLOOKUP(B9,选手名单!A:I,2,0) -> 一颗大白菜 | D9: =VLOOKUP(B9,选手名单!A:I,6,0) -> 75 | E9: =VLOOKUP(B9,选手名单!A:I,3,0) -> 186753076 | F9: =VLOOKUP(B9,选手名单!A:I,5,0) -> 7500 | G9: =VLOOKUP(B9,选手名单!A:I,7,0) -> 一,二,三 | I9: summer | K9: end
B10: 13 | C10: =VLOOKUP(B10,选手名单!A:I,2,0) -> 赤夜紫雨 | D10: =VLOOKUP(B10,选手名单!A:I,6,0) -> 89 | E10: =VLOOKUP(B10,选手名单!A:I,3,0) -> 187933845 | F10: =VLOOKUP(B10,选手名单!A:I,5,0) -> 8100 | G10: =VLOOKUP(B10,选手名单!A:I,7,0) -> 一,三 | I10: Summer丶夏 | J10: 68 | K10: end | L10: 58 | N10: 笑败
B11: 1 | C11: =VLOOKUP(B11,选手名单!A:I,2,0) -> 笑败 | D11: =VLOOKUP(B11,选手名单!A:I,6,0) -> 84 | E11: =VLOOKUP(B11,选手名单!A:I,3,0) -> 106964785 | F11: =VLOOKUP(B11,选手名单!A:I,5,0) -> 8330 | G11: =VLOOKUP(B11,选手名单!A:I,7,0) -> 一 | I11: 蜡笔大雪 | J11: 88 | K11: 秋 | L11: 90
B12: 10 | C12: =VLOOKUP(B12,选手名单!A:I,2,0) -> 阿魂呐 | D12: =VLOOKUP(B12,选手名单!A:I,6,0) -> 81 | E12: =VLOOKUP(B12,选手名单!A:I,3,0) -> 138558413 | F12: =VLOOKUP(B12,选手名单!A:I,5,0) -> 7500 | G12: =VLOOKUP(B12,选手名单!A:I,7,0) -> 二 | I12: 子熙 | J12: 55 | K12: iqbs | L12: 77 | N12: 第2组BO1 | Q12: end
B13: 3 | C13: =VLOOKUP(B13,选手名单!A:I,2,0) -> 睡衣大大 | D13: =VLOOKUP(B13,选手名单!A:I,6,0) -> 63 | E13: =VLOOKUP(B13,选手名单!A:I,3,0) -> 104465635 | F13: =VLOOKUP(B13,选手名单!A:I,5,0) -> 6000 | G13: =VLOOKUP(B13,选手名单!A:I,7,0) -> 一,二 | I13: 睡衣大大 | J13: 63 | K13: 雲天河 | L13: 76
B14: 15 | C14: =VLOOKUP(B14,选手名单!A:I,2,0) -> End | D14: =VLOOKUP(B14,选手名单!A:I,6,0) -> 58 | E14: =VLOOKUP(B14,选手名单!A:I,3,0) -> 354618808 | F14: =VLOOKUP(B14,选手名单!A:I,5,0) -> 6000 | G14: =VLOOKUP(B14,选手名单!A:I,7,0) -> 一,五 | I14: 虎 | J14: 69 | K14: 云南红豆汤 | L14: 20 | N14: end
B15: 8 | C15: =VLOOKUP(B15,选手名单!A:I,2,0) -> 。。~ | D15: =VLOOKUP(B15,选手名单!A:I,6,0) -> 50 | E15: =VLOOKUP(B15,选手名单!A:I,3,0) -> 136537289 | F15: =VLOOKUP(B15,选手名单!A:I,5,0) -> 5000 | G15: =VLOOKUP(B15,选手名单!A:I,7,0) -> 一,二,三,四 | I15: 总分 | J15: =SUM(J10:J14) -> 343 | K15: 总分 | L15: =SUM(L10:L14) -> 321
B16: 5 | C16: =VLOOKUP(B16,选手名单!A:I,2,0) -> 蜡笔小雪 | D16: =VLOOKUP(B16,选手名单!A:I,6,0) -> 60 | E16: =VLOOKUP(B16,选手名单!A:I,3,0) -> 154029585 | F16: =VLOOKUP(B16,选手名单!A:I,5,0) -> 6000 | G16: =VLOOKUP(B16,选手名单!A:I,7,0) -> 三
B17: 6 | C17: =VLOOKUP(B17,选手名单!A:I,2,0) -> jose | D17: =VLOOKUP(B17,选手名单!A:I,6,0) -> 59 | E17: =VLOOKUP(B17,选手名单!A:I,3,0) -> 1255409177 | F17: =VLOOKUP(B17,选手名单!A:I,5,0) -> 6200 | G17: =VLOOKUP(B17,选手名单!A:I,7,0) -> 三
B18: 19 | C18: =VLOOKUP(B18,选手名单!A:I,2,0) -> 21 | D18: =VLOOKUP(B18,选手名单!A:I,6,0) -> 75 | E18: =VLOOKUP(B18,选手名单!A:I,3,0) -> 277443592 | F18: =VLOOKUP(B18,选手名单!A:I,5,0) -> 6800 | G18: =VLOOKUP(B18,选手名单!A:I,7,0) -> 一
B19: 12 | C19: =VLOOKUP(B19,选手名单!A:I,2,0) -> 秋 | D19: =VLOOKUP(B19,选手名单!A:I,6,0) -> 90 | E19: =VLOOKUP(B19,选手名单!A:I,3,0) -> 1004877057 | F19: =VLOOKUP(B19,选手名单!A:I,5,0) -> 9000 | G19: =VLOOKUP(B19,选手名单!A:I,7,0) -> 一,二,三,四
B20: 9 | C20: =VLOOKUP(B20,选手名单!A:I,2,0) -> starling | D20: =VLOOKUP(B20,选手名单!A:I,6,0) -> 34 | E20: =VLOOKUP(B20,选手名单!A:I,3,0) -> 400294058 | F20: =VLOOKUP(B20,选手名单!A:I,5,0) -> 4000 | G20: =VLOOKUP(B20,选手名单!A:I,7,0) -> 四,五
B21: 4 | C21: =VLOOKUP(B21,选手名单!A:I,2,0) -> 军 | D21: =VLOOKUP(B21,选手名单!A:I,6,0) -> 45 | E21: =VLOOKUP(B21,选手名单!A:I,3,0) -> 77006306 | F21: =VLOOKUP(B21,选手名单!A:I,5,0) -> 4600 | G21: =VLOOKUP(B21,选手名单!A:I,7,0) -> 三,四

Sheet 0311内战
B1: 接龙序号 | C1: 微信昵称（群） | D1: 战力值 | E1: 数字id | F1: 参考分数 | G1: 擅长位置 | H1: 备注 | N1: 赛程（一晚上解决，突出一个短平快）
C2: =VLOOKUP(B2,选手名单!A:I,2,0) -> #N/A | D2: =VLOOKUP(B2,选手名单!A:I,6,0) -> #N/A | E2: =VLOOKUP(B2,选手名单!A:I,3,0) -> #N/A | F2: =VLOOKUP(B2,选手名单!A:I,5,0) -> #N/A | G2: =VLOOKUP(B2,选手名单!A:I,7,0) -> #N/A | I2: A风Ain-t | K2: BAA酒水范子 | N2: 风Ain-t
B3: 2 | C3: 赤夜紫雨 | D3: 89 | E3: 187933845 | F3: =VLOOKUP(B3,选手名单!A:I,5,0) -> 7500 | G3: =VLOOKUP(B3,选手名单!A:I,7,0) -> 一,二,三 | I3: 风Ain-t | J3: 88 | K3: AA酒水范子 | L3: 87
B4: 24 | C4: 风Ain-t | D4: 88 | E4: 136801289 | F4: =VLOOKUP(B4,选手名单!A:I,5,0) -> 6500 | G4: =VLOOKUP(B4,选手名单!A:I,7,0) -> 二,四,五 | H4: 队长 | I4: 绮怀. | J4: 28 | K4: defencex | L4: 85 | N4: 第1组BO1 | Q4: 风Ain-t
B5: 6 | C5: oksven | D5: 88 | E5: 0 | F5: =VLOOKUP(B5,选手名单!A:I,5,0) -> 6200 | G5: =VLOOKUP(B5,选手名单!A:I,7,0) -> 三 | H5: 队长 | I5: iqbs | J5: 77 | K5: 清欢不渡 | L5: 45
B6: 21 | C6: AA酒水范子 | D6: 87 | E6: 139963294 | F6: =VLOOKUP(B6,选手名单!A:I,5,0) -> 3000 | G6: =VLOOKUP(B6,选手名单!A:I,7,0) -> 三,四,五 | I6: 小牛 | J6: 75 | K6: 睡衣大大 | L6: 63 | N6: 笑败 | Q6: 12胜者BO1
B7: 3 | C7: 大蟑螂 | D7: 87 | E7: 0 | F7: =VLOOKUP(B7,选手名单!A:I,5,0) -> 6000 | G7: =VLOOKUP(B7,选手名单!A:I,7,0) -> 一,二 | I7: ） | J7: 60 | K7: dalinya | L7: 45
B8: 22 | C8: defencex | D8: 85 | E8: 138235055 | F8: =VLOOKUP(B8,选手名单!A:I,5,0) -> 4300 | G8: =VLOOKUP(B8,选手名单!A:I,7,0) -> 二 | I8: 总分 | J8: =SUM(J3:J7) -> 328 | K8: 总分 | L8: =SUM(L3:L7) -> 325
B9: 27 | C9: 笑败 | D9: 84 | E9: 106964785 | F9: =VLOOKUP(B9,选手名单!A:I,5,0) -> 7000 | G9: =VLOOKUP(B9,选手名单!A:I,7,0) -> 一,二,三,四,五 | I9: C笑败 | K9: D柬埔寨fy
B10: 30 | C10: 精品贵公子 | D10: 83 | E10: 0 | F10: =VLOOKUP(B10,选手名单!A:I,5,0) -> 6800 | G10: =VLOOKUP(B10,选手名单!A:I,7,0) -> 一,二,四,五 | I10: 笑败 | J10: 84 | K10: 柬埔寨fy | L10: 68 | N10: AA酒水范子
B11: 26 | C11: 狮子麒麟凤 | D11: 83 | E11: 266088396 | F11: =VLOOKUP(B11,选手名单!A:I,5,0) -> 7500 | G11: =VLOOKUP(B11,选手名单!A:I,7,0) -> 二 | I11: 大蟑螂 | J11: 87 | K11: 日月同错 | L11: 75 | T11: 决赛BO1
B12: 14 | C12: 阿魂呐 | D12: 81 | E12: 138558413 | F12: =VLOOKUP(B12,选手名单!A:I,5,0) -> 4600 | G12: =VLOOKUP(B12,选手名单!A:I,7,0) -> 四,五 | I12: luyaju | J12: 41 | K12: coconut | L12: 64 | N12: 第2组BO1 | Q12: AA酒水范子 | W12: 冠军
B13: 28 | C13: YuuU | D13: 77 | E13: 885588023 | F13: =VLOOKUP(B13,选手名单!A:I,5,0) -> 6400 | G13: =VLOOKUP(B13,选手名单!A:I,7,0) -> 一 | I13: Summer丶夏 | J13: 68 | K13: 洋芋 | L13: 60
B14: 18 | C14: iqbs | D14: 77 | E14: 383560624 | F14: =VLOOKUP(B14,选手名单!A:I,5,0) -> 5500 | G14: =VLOOKUP(B14,选手名单!A:I,7,0) -> 一,四,五 | I14: 龙城林子 | J14: 55 | K14: Funf | L14: 60 | N14: 柬埔寨fy
I15: 总分 | J15: =SUM(J10:J14) -> 335 | K15: 总分 | L15: =SUM(L10:L14) -> 327 | V15: ➡️
B16: 5 | C16: 雲天河 | D16: 76 | E16: 267719332 | F16: =VLOOKUP(B16,选手名单!A:I,5,0) -> 6000 | G16: =VLOOKUP(B16,选手名单!A:I,7,0) -> 三 | I16: E蜡笔小雪 | K16: Foksven
B17: 32 | C17: 小牛 | D17: 75 | E17: 1259908216 | F17: =VLOOKUP(B17,选手名单!A:I,5,0) -> 0 | G17: =VLOOKUP(B17,选手名单!A:I,7,0) -> 二 | I17: 蜡笔小雪 | J17: 60 | K17: oksven | L17: 88 | N17: 蜡笔小雪
B18: 16 | C18: 21 | D18: 75 | E18: 277443592 | F18: =VLOOKUP(B18,选手名单!A:I,5,0) -> 5300 | G18: =VLOOKUP(B18,选手名单!A:I,7,0) -> 一,二,三,四,五 | I18: YuuU | J18: 77 | K18: 阿魂呐 | L18: 81
B19: 11 | C19: 日月同错 | D19: 75 | E19: 168741476 | F19: =VLOOKUP(B19,选手名单!A:I,5,0) -> 5500 | G19: =VLOOKUP(B19,选手名单!A:I,7,0) -> 四,五 | I19: 赤夜紫雨 | J19: 89 | K19: Thomas | L19: 70 | N19: 第3组BO1BO1 | Q19: 蜡笔小雪
B20: 37 | C20: 新宇宙 | D20: 72 | E20: 139625562 | F20: =VLOOKUP(B20,选手名单!A:I,5,0) -> #N/A | G20: =VLOOKUP(B20,选手名单!A:I,7,0) -> #N/A | I20: PP | J20: 45 | K20: 游牧骑兵 | L20: 30
B21: 19 | C21: Thomas | D21: 70 | E21: 214116802 | F21: =VLOOKUP(B21,选手名单!A:I,5,0) -> 6800 | G21: =VLOOKUP(B21,选手名单!A:I,7,0) -> 一 | I21: 熊 | J21: 55 | K21: jose | L21: 59 | N21: 虎 | Q21: 34胜者BO1
B22: 40 | C22: 虎 | D22: 69 | E22: 106521253 | F22: =VLOOKUP(B22,选手名单!A:I,5,0) -> #N/A | G22: =VLOOKUP(B22,选手名单!A:I,7,0) -> #N/A | I22: 总分 | J22: =SUM(J17:J21) -> 326 | K22: 总分 | L22: =SUM(L17:L21) -> 328 | T22: oksven
B23: 23 | C23: Summer丶夏 | D23: 68 | E23: 355328125 | F23: =VLOOKUP(B23,选手名单!A:I,5,0) -> 8300 | G23: =VLOOKUP(B23,选手名单!A:I,7,0) -> 一,二 | I23: G虎 | K23: H恕
B24: 9 | C24: 柬埔寨fy | D24: 68 | E24: 122810642 | F24: =VLOOKUP(B24,选手名单!A:I,5,0) -> 4000 | G24: =VLOOKUP(B24,选手名单!A:I,7,0) -> 四,五 | H24: 队长 | I24: 虎 | J24: 69 | K24: 恕 | L24: 50
B25: 10 | C25: coconut | D25: 64 | E25: 206673798 | F25: =VLOOKUP(B25,选手名单!A:I,5,0) -> 7500 | G25: =VLOOKUP(B25,选手名单!A:I,7,0) -> 二 | I25: 精品贵公子 | J25: 83 | K25: 狮子麒麟凤 | L25: 83 | N25: oksven
B26: 13 | C26: 睡衣大大 | D26: 63 | E26: 104465635 | F26: =VLOOKUP(B26,选手名单!A:I,5,0) -> 8100 | G26: =VLOOKUP(B26,选手名单!A:I,7,0) -> 一,三 | I26: 新宇宙 | J26: 72 | K26: 21 | L26: 75
B27: 34 | C27: 洋芋 | D27: 60 | E27: 255882400 | F27: =VLOOKUP(B27,选手名单!A:I,5,0) -> 8600 | G27: =VLOOKUP(B27,选手名单!A:I,7,0) -> 一,三 | I27: 王亚祈 | J27: 55 | K27: 雲天河 | L27: 76 | N27: 第4组BO1BO1 | Q27: oksven
B28: 29 | C28: 蜡笔小雪 | D28: 60 | E28: 154029585 | F28: =VLOOKUP(B28,选手名单!A:I,5,0) -> 5000 | G28: =VLOOKUP(B28,选手名单!A:I,7,0) -> 一,三 | H28: 队长 | I28: Vamoose | J28: 55 | K28: 云南红豆汤 | L28: 20
B29: 25 | C29: ） | D29: 60 | E29: 334481697 | F29: =VLOOKUP(B29,选手名单!A:I,5,0) -> 7700 | G29: =VLOOKUP(B29,选手名单!A:I,7,0) -> 四,五,三 | I29: 总分 | J29: =SUM(J24:J28) -> 334 | K29: 总分 | L29: =SUM(L24:L28) -> 304 | N29: F
B30: 17 | C30: Funf | D30: 60 | E30: 0 | F30: =VLOOKUP(B30,选手名单!A:I,5,0) -> 4000 | G30: =VLOOKUP(B30,选手名单!A:I,7,0) -> 一,二,三,四,五
B31: 15 | C31: jose | D31: 59 | E31: 1255409177 | F31: =VLOOKUP(B31,选手名单!A:I,5,0) -> 6000 | G31: =VLOOKUP(B31,选手名单!A:I,7,0) -> 一,五
B32: 41 | C32: 熊 | D32: 55 | E32: 223646770 | F32: =VLOOKUP(B32,选手名单!A:I,5,0) -> #N/A | G32: =VLOOKUP(B32,选手名单!A:I,7,0) -> #N/A
B33: 12 | C33: Vamoose | D33: 55 | E33: 242739321 | F33: =VLOOKUP(B33,选手名单!A:I,5,0) -> 9000 | G33: =VLOOKUP(B33,选手名单!A:I,7,0) -> 一,二,三,四
B34: 8 | C34: 王亚祈 | D34: 55 | E34: 417868870 | F34: =VLOOKUP(B34,选手名单!A:I,5,0) -> 5000 | G34: =VLOOKUP(B34,选手名单!A:I,7,0) -> 一,二,三,四
B35: 7 | C35: 龙城林子 | D35: 55 | E35: 117252110 | F35: =VLOOKUP(B35,选手名单!A:I,5,0) -> 9000 | G35: =VLOOKUP(B35,选手名单!A:I,7,0) -> 二
B36: 39 | C36: dalinya | D36: 45 | E36: 141166215 | F36: =VLOOKUP(B36,选手名单!A:I,5,0) -> #N/A | G36: =VLOOKUP(B36,选手名单!A:I,7,0) -> #N/A
B37: 38 | C37: 清欢不渡 | D37: 45 | E37: 1252995584 | F37: =VLOOKUP(B37,选手名单!A:I,5,0) -> #N/A | G37: =VLOOKUP(B37,选手名单!A:I,7,0) -> #N/A
B38: 20 | C38: PP | D38: 45 | E38: 320479234 | F38: =VLOOKUP(B38,选手名单!A:I,5,0) -> 3400 | G38: =VLOOKUP(B38,选手名单!A:I,7,0) -> 四,五
B39: 33 | C39: luyaju | D39: 41 | E39: 228914641 | F39: =VLOOKUP(B39,选手名单!A:I,5,0) -> 5000 | G39: =VLOOKUP(B39,选手名单!A:I,7,0) -> 一,二
B40: 35 | C40: 游牧骑兵 | D40: 30 | E40: 351772086 | F40: =VLOOKUP(B40,选手名单!A:I,5,0) -> 5800 | G40: =VLOOKUP(B40,选手名单!A:I,7,0) -> 三,四
B41: 1 | C41: 绮怀. | D41: 28 | E41: 283980530 | F41: =VLOOKUP(B41,选手名单!A:I,5,0) -> 8330 | G41: =VLOOKUP(B41,选手名单!A:I,7,0) -> 一
B42: 4 | C42: 云南红豆汤 | D42: 20 | E42: 110837873 | F42: =VLOOKUP(B42,选手名单!A:I,5,0) -> 4600 | G42: =VLOOKUP(B42,选手名单!A:I,7,0) -> 三,四
C43: 恕 | D43: 50 | F43: 4900 | H43: 队长

Sheet 0306内战
B1: 接龙序号 | C1: 微信昵称（群） | D1: 战力值 | E1: 数字id | F1: 参考分数 | G1: 擅长位置 | H1: 备注 | N1: 赛程（一晚上解决，突出一个短平快）
B2: 6 | C2: 兆焱 | D2: 90 | E2: 0 | F2: =VLOOKUP(B2,选手名单!A:I,5,0) -> 6200 | G2: =VLOOKUP(B2,选手名单!A:I,7,0) -> 三 | I2: A | K2: B | N2: A
B3: 14 | C3: 秋 | D3: 90 | E3: 1004877057 | F3: =VLOOKUP(B3,选手名单!A:I,5,0) -> 4600 | G3: =VLOOKUP(B3,选手名单!A:I,7,0) -> 四,五 | I3: 荼霏 | J3: 75 | K3: Summer丶夏 | L3: 68
B4: 22 | C4: 风Ain-t | D4: 88 | E4: 136801289 | F4: =VLOOKUP(B4,选手名单!A:I,5,0) -> 4300 | G4: =VLOOKUP(B4,选手名单!A:I,7,0) -> 二 | I4: 秋 | J4: 90 | K4: iqbs | L4: 77 | Q4: A
B5: 23 | C5: Z | D5: 87 | E5: 0 | F5: =VLOOKUP(B5,选手名单!A:I,5,0) -> 8300 | G5: =VLOOKUP(B5,选手名单!A:I,7,0) -> 一,二 | I5: 熊 | J5: 55 | K5: Z | L5: 87
B6: 12 | C6: 精品贵公子 | D6: 83 | E6: 0 | F6: =VLOOKUP(B6,选手名单!A:I,5,0) -> 9000 | G6: =VLOOKUP(B6,选手名单!A:I,7,0) -> 一,二,三,四 | I6: 阿魂呐 | J6: 81 | K6: 小牛 | L6: 75 | N6: C
B7: 15 | C7: 阿鱼 | D7: 82 | E7: 137306952 | F7: =VLOOKUP(B7,选手名单!A:I,5,0) -> 6000 | G7: =VLOOKUP(B7,选手名单!A:I,7,0) -> 一,五 | I7: 授法 | J7: 44 | K7: 哞哞 | L7: 65
B8: 10 | C8: 阿魂呐 | D8: 81 | E8: 138558413 | F8: =VLOOKUP(B8,选手名单!A:I,5,0) -> 7500 | G8: =VLOOKUP(B8,选手名单!A:I,7,0) -> 二 | I8: 总分 | J8: =SUM(J3:J7) -> 345 | K8: 总分 | L8: =SUM(L3:L7) -> 372 | T8: B
B9: 21 | C9: iqbs | D9: 77 | E9: 383560624 | F9: =VLOOKUP(B9,选手名单!A:I,5,0) -> 3000 | G9: =VLOOKUP(B9,选手名单!A:I,7,0) -> 三,四,五 | I9: C | K9: D | N9: B
B10: 7 | C10: 雲天河 | D10: 76 | E10: 267719332 | F10: =VLOOKUP(B10,选手名单!A:I,5,0) -> 9000 | G10: =VLOOKUP(B10,选手名单!A:I,7,0) -> 二 | I10: 蜡笔小雪 | J10: 60 | K10: ArianaW | L10: 50
B11: 26 | C11: 黑色柳丁 | D11: 76 | E11: 457383175 | F11: =VLOOKUP(B11,选手名单!A:I,5,0) -> 7500 | G11: =VLOOKUP(B11,选手名单!A:I,7,0) -> 二 | I11: 风Ain-t | J11: 88 | K11: 雲天河 | L11: 76 | Q11: B
B12: 8 | C12: 荼霏 | D12: 75 | E12: 137852652 | F12: =VLOOKUP(B12,选手名单!A:I,5,0) -> 5000 | G12: =VLOOKUP(B12,选手名单!A:I,7,0) -> 一,二,三,四 | I12: 黑色柳丁 | J12: 76 | K12: 阿鱼 | L12: 82 | W12: 🏆
B13: 16 | C13: 21 | D13: 75 | E13: 277443592 | F13: =VLOOKUP(B13,选手名单!A:I,5,0) -> 5300 | G13: =VLOOKUP(B13,选手名单!A:I,7,0) -> 一,二,三,四,五 | I13: End | J13: 58 | K13: jose | L13: 59 | N13: D | W13: 冠军B | X13: Summer丶夏
B14: 27 | C14: 小牛 | D14: 75 | E14: 1259908216 | F14: =VLOOKUP(B14,选手名单!A:I,5,0) -> 7000 | G14: =VLOOKUP(B14,选手名单!A:I,7,0) -> 一,二,三,四,五 | I14: 爱喝可乐的帅哥！ | J14: 42 | K14: 玖黎 | L14: 52 | X14: iqbs
B15: 25 | C15: 车长老 | D15: 72 | E15: 299025900 | F15: =VLOOKUP(B15,选手名单!A:I,5,0) -> 7700 | G15: =VLOOKUP(B15,选手名单!A:I,7,0) -> 四,五,三 | I15: 总分 | J15: =SUM(J10:J13) -> 282 | K15: 总分 | L15: =SUM(L10:L14) -> 319 | X15: Z
B16: 1 | C16: Summer丶夏 | D16: 68 | E16: 355328125 | F16: =VLOOKUP(B16,选手名单!A:I,5,0) -> 8330 | G16: =VLOOKUP(B16,选手名单!A:I,7,0) -> 一 | I16: E | K16: F | N16: E | X16: 小牛
B17: 20 | C17: 哞哞 | D17: 65 | E17: 235611786 | F17: =VLOOKUP(B17,选手名单!A:I,5,0) -> 3400 | G17: =VLOOKUP(B17,选手名单!A:I,7,0) -> 四,五 | I17: starling | J17: 34 | K17: 绮怀. | L17: 28 | X17: 哞哞
B18: 11 | C18: 洋芋 | D18: 60 | E18: 255882400 | F18: =VLOOKUP(B18,选手名单!A:I,5,0) -> 5500 | G18: =VLOOKUP(B18,选手名单!A:I,7,0) -> 四,五 | I18: 风 | J18: 50 | K18: 车长老 | L18: 72 | Q18: E
B19: 13 | C19: 蜡笔小雪 | D19: 60 | E19: 154029585 | F19: =VLOOKUP(B19,选手名单!A:I,5,0) -> 8100 | G19: =VLOOKUP(B19,选手名单!A:I,7,0) -> 一,三 | I19: 兆焱 | J19: 90 | K19: 21 | L19: 75
B20: 17 | C20: 温酒 | D20: 60 | E20: 117970934 | F20: =VLOOKUP(B20,选手名单!A:I,5,0) -> 4000 | G20: =VLOOKUP(B20,选手名单!A:I,7,0) -> 一,二,三,四,五 | I20: 精品贵公子 | J20: 83 | K20: PP | L20: 45 | N20: F
B21: 29 | C21: jose | D21: 59 | E21: 1255409177 | F21: =VLOOKUP(B21,选手名单!A:I,5,0) -> 5000 | G21: =VLOOKUP(B21,选手名单!A:I,7,0) -> 一,三 | I21: 温酒 | J21: 60 | K21: 洋芋 | L21: 60
B22: 19 | C22: End | D22: 58 | E22: 354618808 | F22: =VLOOKUP(B22,选手名单!A:I,5,0) -> 6800 | G22: =VLOOKUP(B22,选手名单!A:I,7,0) -> 一 | I22: 总分 | J22: =SUM(J17:J21) -> 317 | K22: 总分 | L22: =SUM(L17:L21) -> 280 | T22: E
B23: 28 | C23: 熊 | D23: 55 | E23: 223646770 | F23: =VLOOKUP(B23,选手名单!A:I,5,0) -> 6400 | G23: =VLOOKUP(B23,选手名单!A:I,7,0) -> 一
B24: 9 | C24: 玖黎 | D24: 52 | E24: 208333479 | F24: =VLOOKUP(B24,选手名单!A:I,5,0) -> 4000 | G24: =VLOOKUP(B24,选手名单!A:I,7,0) -> 四,五
B25: 2 | C25: ArianaW | D25: 50 | E25: 454030900 | F25: =VLOOKUP(B25,选手名单!A:I,5,0) -> 7500 | G25: =VLOOKUP(B25,选手名单!A:I,7,0) -> 一,二,三 | Q25: C
B26: 24 | C26: 风 | D26: 50 | E26: 178988576 | F26: =VLOOKUP(B26,选手名单!A:I,5,0) -> 6500 | G26: =VLOOKUP(B26,选手名单!A:I,7,0) -> 二,四,五
B27: 30 | C27: PP | D27: 45 | E27: 320479234 | F27: =VLOOKUP(B27,选手名单!A:I,5,0) -> 6800 | G27: =VLOOKUP(B27,选手名单!A:I,7,0) -> 一,二,四,五
B28: 18 | C28: 授法 | D28: 44 | E28: 370449300 | F28: =VLOOKUP(B28,选手名单!A:I,5,0) -> 5500 | G28: =VLOOKUP(B28,选手名单!A:I,7,0) -> 一,四,五 | Q28: 败者骰子秽土转败者
B29: 32 | C29: 爱喝可乐的帅哥！ | D29: 42 | E29: 101126670 | F29: =VLOOKUP(B29,选手名单!A:I,5,0) -> 0 | G29: =VLOOKUP(B29,选手名单!A:I,7,0) -> 二
B30: 5 | C30: starling | D30: 34 | E30: 400294058 | F30: =VLOOKUP(B30,选手名单!A:I,5,0) -> 6000 | G30: =VLOOKUP(B30,选手名单!A:I,7,0) -> 三 | T30: 老五老六
B31: 31 | C31: 游牧骑兵 | D31: 30 | E31: 351772086 | F31: =VLOOKUP(B31,选手名单!A:I,5,0) -> 4000 | G31: =VLOOKUP(B31,选手名单!A:I,7,0) -> 二,四,五
B32: 3 | C32: 绮怀. | D32: 28 | E32: 283980530 | F32: =VLOOKUP(B32,选手名单!A:I,5,0) -> 6000 | G32: =VLOOKUP(B32,选手名单!A:I,7,0) -> 一,二 | Q32: 败者骰子秽土转败者
B33: 4 | C33: 云南红豆汤 | D33: 20 | E33: 110837873 | F33: =VLOOKUP(B33,选手名单!A:I,5,0) -> 4600 | G33: =VLOOKUP(B33,选手名单!A:I,7,0) -> 三,四

Sheet 0304内战
B1: 接龙序号 | C1: 微信昵称（群） | D1: 战力值 | E1: 数字id | F1: 参考分数 | G1: 擅长位置 | H1: 备注 | N1: 赛程（一晚上解决，突出一个短平快）
B2: 1 | C2: 绮怀. | D2: 28 | E2: =VLOOKUP(B2,选手名单!A:I,3,0) -> 106964785 | F2: =VLOOKUP(B2,选手名单!A:I,5,0) -> 8330 | G2: =VLOOKUP(B2,选手名单!A:I,7,0) -> 一 | I2: A 绮怀. | K2: B 忧郁的苹果君 | N2: A
B3: 15 | C3: 忧郁的苹果君 | D3: 30 | E3: =VLOOKUP(B3,选手名单!A:I,3,0) -> 354618808 | F3: =VLOOKUP(B3,选手名单!A:I,5,0) -> 6000 | G3: =VLOOKUP(B3,选手名单!A:I,7,0) -> 一,五 | I3: 绮怀. | J3: 28 | K3: 忧郁的苹果君 | L3: 30
B4: 24 | C4: 龙城林子 | D4: 41 | E4: =VLOOKUP(B4,选手名单!A:I,3,0) -> 267719332 | F4: =VLOOKUP(B4,选手名单!A:I,5,0) -> 6500 | G4: =VLOOKUP(B4,选手名单!A:I,7,0) -> 二,四,五 | I4: 风 | J4: 88 | K4: 所念皆星河 | L4: 85 | Q4: D
B5: 8 | C5: 清欢不渡 | D5: 45 | E5: =VLOOKUP(B5,选手名单!A:I,3,0) -> 136537289 | F5: =VLOOKUP(B5,选手名单!A:I,5,0) -> 5000 | G5: =VLOOKUP(B5,选手名单!A:I,7,0) -> 一,二,三,四 | I5: Z | J5: 87 | K5: sdy | L5: 78
B6: 17 | C6: PP | D6: 45 | E6: =VLOOKUP(B6,选手名单!A:I,3,0) -> 158643480 | F6: =VLOOKUP(B6,选手名单!A:I,5,0) -> 4000 | G6: =VLOOKUP(B6,选手名单!A:I,7,0) -> 一,二,三,四,五 | I6: yu | J6: 56 | K6: 中专肄业 | L6: 65 | N6: D
B7: 30 | C7: 恕 | D7: 45 | E7: =VLOOKUP(B7,选手名单!A:I,3,0) -> 137852652 | F7: =VLOOKUP(B7,选手名单!A:I,5,0) -> 6800 | G7: =VLOOKUP(B7,选手名单!A:I,7,0) -> 一,二,四,五 | I7: 玖黎 | J7: 52 | K7: 余生只有 | L7: 65
B8: 4 | C8: 熊 | D8: 50 | E8: =VLOOKUP(B8,选手名单!A:I,3,0) -> 77006306 | F8: =VLOOKUP(B8,选手名单!A:I,5,0) -> 4600 | G8: =VLOOKUP(B8,选手名单!A:I,7,0) -> 三,四 | I8: 总分 | J8: =SUM(J3:J7) -> 311 | K8: 总分 | L8: =SUM(L3:L7) -> 323 | T8: F
B9: 23 | C9: ArianaW | D9: 50 | E9: =VLOOKUP(B9,选手名单!A:I,3,0) -> 417861014 | F9: =VLOOKUP(B9,选手名单!A:I,5,0) -> 8300 | G9: =VLOOKUP(B9,选手名单!A:I,7,0) -> 一,二 | I9: C 龙城林子 | K9: D 清欢不渡 | N9: B
B10: 18 | C10: 玖黎 | D10: 52 | E10: =VLOOKUP(B10,选手名单!A:I,3,0) -> 417868870 | F10: =VLOOKUP(B10,选手名单!A:I,5,0) -> 5500 | G10: =VLOOKUP(B10,选手名单!A:I,7,0) -> 一,四,五 | I10: 龙城林子 | J10: 41 | K10: 清欢不渡 | L10: 45
B11: 29 | C11: LuYu | D11: 52 | E11: =VLOOKUP(B11,选手名单!A:I,3,0) -> 178988576 | F11: =VLOOKUP(B11,选手名单!A:I,5,0) -> 5000 | G11: =VLOOKUP(B11,选手名单!A:I,7,0) -> 一,三 | I11: zealot4u | J11: 90 | K11: 雲天河 | L11: 76 | Q11: F
B12: 26 | C12: yu | D12: 56 | E12: =VLOOKUP(B12,选手名单!A:I,3,0) -> 1259908216 | F12: =VLOOKUP(B12,选手名单!A:I,5,0) -> 7500 | G12: =VLOOKUP(B12,选手名单!A:I,7,0) -> 二 | I12: 一颗大白菜 | J12: 75 | K12: End | L12: 58 | W12: 🏆
B13: 19 | C13: End | D13: 58 | E13: =VLOOKUP(B13,选手名单!A:I,3,0) -> 277443592 | F13: =VLOOKUP(B13,选手名单!A:I,5,0) -> 6800 | G13: =VLOOKUP(B13,选手名单!A:I,7,0) -> 一 | I13: ArianaW | J13: 50 | K13: Summer丶夏 | L13: 68 | N13: F | W13: F | X13: 恕
B14: 28 | C14: jose | D14: 59 | E14: =VLOOKUP(B14,选手名单!A:I,3,0) -> 323934704 | F14: =VLOOKUP(B14,选手名单!A:I,5,0) -> 6400 | G14: =VLOOKUP(B14,选手名单!A:I,7,0) -> 一 | I14: 熊 | J14: 50 | K14: BLY | L14: 72 | X14: 秋
B15: 2 | C15: 睡衣大大 | D15: 60 | E15: =VLOOKUP(B15,选手名单!A:I,3,0) -> 186753076 | F15: =VLOOKUP(B15,选手名单!A:I,5,0) -> 7500 | G15: =VLOOKUP(B15,选手名单!A:I,7,0) -> 一,二,三 | I15: 总分 | J15: =SUM(J10:J13) -> 256 | K15: 总分 | L15: =SUM(L10:L14) -> 319 | X15: 21
B16: 9 | C16: 蜡笔小雪 | D16: 60 | E16: =VLOOKUP(B16,选手名单!A:I,3,0) -> 400294058 | F16: =VLOOKUP(B16,选手名单!A:I,5,0) -> 4000 | G16: =VLOOKUP(B16,选手名单!A:I,7,0) -> 四,五 | I16: E PP | K16: F 恕 | N16: C | X16: jose
B17: 10 | C17: 哞哞 | D17: 65 | E17: =VLOOKUP(B17,选手名单!A:I,3,0) -> 138558413 | F17: =VLOOKUP(B17,选手名单!A:I,5,0) -> 7500 | G17: =VLOOKUP(B17,选手名单!A:I,7,0) -> 二 | I17: PP | J17: 45 | K17: 恕 | L17: 45 | X17: 睡衣大大
B18: 21 | C18: 余生只有 | D18: 65 | E18: =VLOOKUP(B18,选手名单!A:I,3,0) -> 351772086 | F18: =VLOOKUP(B18,选手名单!A:I,5,0) -> 3000 | G18: =VLOOKUP(B18,选手名单!A:I,7,0) -> 三,四,五 | I18: 蜡笔小雪 | J18: 60 | K18: 秋 | L18: 88 | Q18: CE胜者
B19: 22 | C19: 中专肄业 | D19: 65 | E19: =VLOOKUP(B19,选手名单!A:I,3,0) -> 235611786 | F19: =VLOOKUP(B19,选手名单!A:I,5,0) -> 4300 | G19: =VLOOKUP(B19,选手名单!A:I,7,0) -> 二 | I19: 赤夜紫雨 | J19: 89 | K19: 21 | L19: 73
B20: 5 | C20: Summer丶夏 | D20: 68 | E20: =VLOOKUP(B20,选手名单!A:I,3,0) -> 154029585 | F20: =VLOOKUP(B20,选手名单!A:I,5,0) -> 6000 | G20: =VLOOKUP(B20,选手名单!A:I,7,0) -> 三 | I20: 哞哞 | J20: 65 | K20: jose | L20: 59 | N20: E
B21: 27 | C21: BLY | D21: 72 | E21: =VLOOKUP(B21,选手名单!A:I,3,0) -> 885588023 | F21: =VLOOKUP(B21,选手名单!A:I,5,0) -> 7000 | G21: =VLOOKUP(B21,选手名单!A:I,7,0) -> 一,二,三,四,五 | I21: LuYu | J21: 52 | K21: 睡衣大大 | L21: 60
B22: 14 | C22: 21 | D22: 73 | E22: =VLOOKUP(B22,选手名单!A:I,3,0) -> 228914641 | F22: =VLOOKUP(B22,选手名单!A:I,5,0) -> 4600 | G22: =VLOOKUP(B22,选手名单!A:I,7,0) -> 四,五 | I22: 总分 | J22: =SUM(J17:J21) -> 311 | K22: 总分 | L22: =SUM(L17:L21) -> 325 | T22: W2
B23: 25 | C23: 一颗大白菜 | D23: 75 | E23: =VLOOKUP(B23,选手名单!A:I,3,0) -> 383560624 | F23: =VLOOKUP(B23,选手名单!A:I,5,0) -> 7700 | G23: =VLOOKUP(B23,选手名单!A:I,7,0) -> 四,五,三
B24: 3 | C24: 雲天河 | D24: 76 | E24: =VLOOKUP(B24,选手名单!A:I,3,0) -> 104465635 | F24: =VLOOKUP(B24,选手名单!A:I,5,0) -> 6000 | G24: =VLOOKUP(B24,选手名单!A:I,7,0) -> 一,二
B25: 20 | C25: sdy | D25: 78 | E25: =VLOOKUP(B25,选手名单!A:I,3,0) -> 168661508 | F25: =VLOOKUP(B25,选手名单!A:I,5,0) -> 3400 | G25: =VLOOKUP(B25,选手名单!A:I,7,0) -> 四,五 | Q25: 败者骰子秽土转生者
B26: 16 | C26: 所念皆星河 | D26: 85 | E26: =VLOOKUP(B26,选手名单!A:I,3,0) -> 189497913 | F26: =VLOOKUP(B26,选手名单!A:I,5,0) -> 5300 | G26: =VLOOKUP(B26,选手名单!A:I,7,0) -> 一,二,三,四,五
B27: 12 | C27: Z | D27: 87 | E27: =VLOOKUP(B27,选手名单!A:I,3,0) -> 1004877057 | F27: =VLOOKUP(B27,选手名单!A:I,5,0) -> 9000 | G27: =VLOOKUP(B27,选手名单!A:I,7,0) -> 一,二,三,四
B28: 7 | C28: 秋 | D28: 88 | E28: =VLOOKUP(B28,选手名单!A:I,3,0) -> 341670770 | F28: =VLOOKUP(B28,选手名单!A:I,5,0) -> 9000 | G28: =VLOOKUP(B28,选手名单!A:I,7,0) -> 二
B29: 11 | C29: 风 | D29: 88 | E29: =VLOOKUP(B29,选手名单!A:I,3,0) -> 0 | F29: =VLOOKUP(B29,选手名单!A:I,5,0) -> 5500 | G29: =VLOOKUP(B29,选手名单!A:I,7,0) -> 四,五
B30: 13 | C30: 赤夜紫雨 | D30: 89 | E30: =VLOOKUP(B30,选手名单!A:I,3,0) -> 187933845 | F30: =VLOOKUP(B30,选手名单!A:I,5,0) -> 8100 | G30: =VLOOKUP(B30,选手名单!A:I,7,0) -> 一,三
B31: 6 | C31: zealot4u | D31: 90 | E31: =VLOOKUP(B31,选手名单!A:I,3,0) -> 1255409177 | F31: =VLOOKUP(B31,选手名单!A:I,5,0) -> 6200 | G31: =VLOOKUP(B31,选手名单!A:I,7,0) -> 三
B32: 31 | C32: =VLOOKUP(B32,选手名单!A:I,2,0) -> 老K | D32: =VLOOKUP(B32,选手名单!A:I,6,0) -> 40 | E32: =VLOOKUP(B32,选手名单!A:I,3,0) -> 148343069 | F32: =VLOOKUP(B32,选手名单!A:I,5,0) -> 4000 | G32: =VLOOKUP(B32,选手名单!A:I,7,0) -> 二,四,五
B33: 32 | C33: =VLOOKUP(B33,选手名单!A:I,2,0) -> 黑色柳丁 | D33: =VLOOKUP(B33,选手名单!A:I,6,0) -> 76 | E33: =VLOOKUP(B33,选手名单!A:I,3,0) -> 457383175 | F33: =VLOOKUP(B33,选手名单!A:I,5,0) -> 0 | G33: =VLOOKUP(B33,选手名单!A:I,7,0) -> 二
B34: 33 | C34: =VLOOKUP(B34,选手名单!A:I,2,0) -> 杜麦尼 | D34: =VLOOKUP(B34,选手名单!A:I,6,0) -> 50 | E34: =VLOOKUP(B34,选手名单!A:I,3,0) -> 157424993 | F34: =VLOOKUP(B34,选手名单!A:I,5,0) -> 5000 | G34: =VLOOKUP(B34,选手名单!A:I,7,0) -> 一,二
B35: 34 | C35: =VLOOKUP(B35,选手名单!A:I,2,0) -> 精品贵公子 | D35: =VLOOKUP(B35,选手名单!A:I,6,0) -> 83 | E35: =VLOOKUP(B35,选手名单!A:I,3,0) -> 0 | F35: =VLOOKUP(B35,选手名单!A:I,5,0) -> 8600 | G35: =VLOOKUP(B35,选手名单!A:I,7,0) -> 一,三
B36: 35 | C36: =VLOOKUP(B36,选手名单!A:I,2,0) -> 宇文成都 | D36: =VLOOKUP(B36,选手名单!A:I,6,0) -> 55 | E36: =VLOOKUP(B36,选手名单!A:I,3,0) -> 136662507 | F36: =VLOOKUP(B36,选手名单!A:I,5,0) -> 5800 | G36: =VLOOKUP(B36,选手名单!A:I,7,0) -> 三,四
B37: 36 | C37: =VLOOKUP(B37,选手名单!A:I,2,0) -> #N/A | D37: =VLOOKUP(B37,选手名单!A:I,6,0) -> #N/A | E37: =VLOOKUP(B37,选手名单!A:I,3,0) -> #N/A | F37: =VLOOKUP(B37,选手名单!A:I,5,0) -> #N/A | G37: =VLOOKUP(B37,选手名单!A:I,7,0) -> #N/A
B38: 37 | C38: =VLOOKUP(B38,选手名单!A:I,2,0) -> #N/A | D38: =VLOOKUP(B38,选手名单!A:I,6,0) -> #N/A | E38: =VLOOKUP(B38,选手名单!A:I,3,0) -> #N/A | F38: =VLOOKUP(B38,选手名单!A:I,5,0) -> #N/A | G38: =VLOOKUP(B38,选手名单!A:I,7,0) -> #N/A
B39: 38 | C39: =VLOOKUP(B39,选手名单!A:I,2,0) -> #N/A | D39: =VLOOKUP(B39,选手名单!A:I,6,0) -> #N/A | E39: =VLOOKUP(B39,选手名单!A:I,3,0) -> #N/A | F39: =VLOOKUP(B39,选手名单!A:I,5,0) -> #N/A | G39: =VLOOKUP(B39,选手名单!A:I,7,0) -> #N/A
B40: 39 | C40: =VLOOKUP(B40,选手名单!A:I,2,0) -> #N/A | D40: =VLOOKUP(B40,选手名单!A:I,6,0) -> #N/A | E40: =VLOOKUP(B40,选手名单!A:I,3,0) -> #N/A | F40: =VLOOKUP(B40,选手名单!A:I,5,0) -> #N/A | G40: =VLOOKUP(B40,选手名单!A:I,7,0) -> #N/A
B41: 40 | C41: =VLOOKUP(B41,选手名单!A:I,2,0) -> #N/A | D41: =VLOOKUP(B41,选手名单!A:I,6,0) -> #N/A | E41: =VLOOKUP(B41,选手名单!A:I,3,0) -> #N/A | F41: =VLOOKUP(B41,选手名单!A:I,5,0) -> #N/A | G41: =VLOOKUP(B41,选手名单!A:I,7,0) -> #N/A

Sheet 0302内战
B1: 接龙序号 | C1: 微信昵称（群） | D1: 战力值 | E1: 数字id | F1: 参考分数 | G1: 擅长位置 | H1: 备注
C2: =VLOOKUP(B2,选手名单!A:I,2,0) -> #N/A | D2: =VLOOKUP(B2,选手名单!A:I,6,0) -> #N/A | E2: =VLOOKUP(B2,选手名单!A:I,3,0) -> #N/A | F2: =VLOOKUP(B2,选手名单!A:I,5,0) -> #N/A | G2: =VLOOKUP(B2,选手名单!A:I,7,0) -> #N/A | P2: 秋
C3: =VLOOKUP(B3,选手名单!A:I,2,0) -> #N/A | D3: =VLOOKUP(B3,选手名单!A:I,6,0) -> #N/A | E3: =VLOOKUP(B3,选手名单!A:I,3,0) -> #N/A | F3: =VLOOKUP(B3,选手名单!A:I,5,0) -> #N/A | G3: =VLOOKUP(B3,选手名单!A:I,7,0) -> #N/A
C4: =VLOOKUP(B4,选手名单!A:I,2,0) -> #N/A | D4: =VLOOKUP(B4,选手名单!A:I,6,0) -> #N/A | E4: =VLOOKUP(B4,选手名单!A:I,3,0) -> #N/A | F4: =VLOOKUP(B4,选手名单!A:I,5,0) -> #N/A | G4: =VLOOKUP(B4,选手名单!A:I,7,0) -> #N/A | P4: 第1组BO1 | S4: 阿魂
C5: =VLOOKUP(B5,选手名单!A:I,2,0) -> #N/A | D5: =VLOOKUP(B5,选手名单!A:I,6,0) -> #N/A | E5: =VLOOKUP(B5,选手名单!A:I,3,0) -> #N/A | F5: =VLOOKUP(B5,选手名单!A:I,5,0) -> #N/A | G5: =VLOOKUP(B5,选手名单!A:I,7,0) -> #N/A
C6: =VLOOKUP(B6,选手名单!A:I,2,0) -> #N/A | D6: =VLOOKUP(B6,选手名单!A:I,6,0) -> #N/A | E6: =VLOOKUP(B6,选手名单!A:I,3,0) -> #N/A | F6: =VLOOKUP(B6,选手名单!A:I,5,0) -> #N/A | G6: =VLOOKUP(B6,选手名单!A:I,7,0) -> #N/A | P6: 阿魂 | S6: 12胜者BO1
C7: =VLOOKUP(B7,选手名单!A:I,2,0) -> #N/A | D7: =VLOOKUP(B7,选手名单!A:I,6,0) -> #N/A | E7: =VLOOKUP(B7,选手名单!A:I,3,0) -> #N/A | F7: =VLOOKUP(B7,选手名单!A:I,5,0) -> #N/A | G7: =VLOOKUP(B7,选手名单!A:I,7,0) -> #N/A | V7: 阿魂
C8: =VLOOKUP(B8,选手名单!A:I,2,0) -> #N/A | D8: =VLOOKUP(B8,选手名单!A:I,6,0) -> #N/A | E8: =VLOOKUP(B8,选手名单!A:I,3,0) -> #N/A | F8: =VLOOKUP(B8,选手名单!A:I,5,0) -> #N/A | G8: =VLOOKUP(B8,选手名单!A:I,7,0) -> #N/A | I8: 总分 | J8: =SUM(J3:J7) -> 0 | K8: 总分 | L8: =SUM(L3:L7) -> 0 | M8: 总分 | N8: =SUM(N3:N6) -> 0
C9: =VLOOKUP(B9,选手名单!A:I,2,0) -> #N/A | D9: =VLOOKUP(B9,选手名单!A:I,6,0) -> #N/A | E9: =VLOOKUP(B9,选手名单!A:I,3,0) -> #N/A | F9: =VLOOKUP(B9,选手名单!A:I,5,0) -> #N/A | G9: =VLOOKUP(B9,选手名单!A:I,7,0) -> #N/A
C10: =VLOOKUP(B10,选手名单!A:I,2,0) -> #N/A | D10: =VLOOKUP(B10,选手名单!A:I,6,0) -> #N/A | E10: =VLOOKUP(B10,选手名单!A:I,3,0) -> #N/A | F10: =VLOOKUP(B10,选手名单!A:I,5,0) -> #N/A | G10: =VLOOKUP(B10,选手名单!A:I,7,0) -> #N/A | P10: Z
C11: =VLOOKUP(B11,选手名单!A:I,2,0) -> #N/A | D11: =VLOOKUP(B11,选手名单!A:I,6,0) -> #N/A | E11: =VLOOKUP(B11,选手名单!A:I,3,0) -> #N/A | F11: =VLOOKUP(B11,选手名单!A:I,5,0) -> #N/A | G11: =VLOOKUP(B11,选手名单!A:I,7,0) -> #N/A
C12: =VLOOKUP(B12,选手名单!A:I,2,0) -> #N/A | D12: =VLOOKUP(B12,选手名单!A:I,6,0) -> #N/A | E12: =VLOOKUP(B12,选手名单!A:I,3,0) -> #N/A | F12: =VLOOKUP(B12,选手名单!A:I,5,0) -> #N/A | G12: =VLOOKUP(B12,选手名单!A:I,7,0) -> #N/A | P12: 第2组BO1 | S12: 兆焱
C13: =VLOOKUP(B13,选手名单!A:I,2,0) -> #N/A | D13: =VLOOKUP(B13,选手名单!A:I,6,0) -> #N/A | E13: =VLOOKUP(B13,选手名单!A:I,3,0) -> #N/A | F13: =VLOOKUP(B13,选手名单!A:I,5,0) -> #N/A | G13: =VLOOKUP(B13,选手名单!A:I,7,0) -> #N/A
C14: =VLOOKUP(B14,选手名单!A:I,2,0) -> #N/A | D14: =VLOOKUP(B14,选手名单!A:I,6,0) -> #N/A | E14: =VLOOKUP(B14,选手名单!A:I,3,0) -> #N/A | F14: =VLOOKUP(B14,选手名单!A:I,5,0) -> #N/A | G14: =VLOOKUP(B14,选手名单!A:I,7,0) -> #N/A | P14: 兆焱
C15: =VLOOKUP(B15,选手名单!A:I,2,0) -> #N/A | D15: =VLOOKUP(B15,选手名单!A:I,6,0) -> #N/A | E15: =VLOOKUP(B15,选手名单!A:I,3,0) -> #N/A | F15: =VLOOKUP(B15,选手名单!A:I,5,0) -> #N/A | G15: =VLOOKUP(B15,选手名单!A:I,7,0) -> #N/A | I15: 总分 | K15: 总分 | L15: =SUM(L10:L14) -> 0 | M15: 总分 | N15: =SUM(N10:N14) -> 0
C16: =VLOOKUP(B16,选手名单!A:I,2,0) -> #N/A | D16: =VLOOKUP(B16,选手名单!A:I,6,0) -> #N/A | E16: =VLOOKUP(B16,选手名单!A:I,3,0) -> #N/A | F16: =VLOOKUP(B16,选手名单!A:I,5,0) -> #N/A | G16: =VLOOKUP(B16,选手名单!A:I,7,0) -> #N/A
C17: =VLOOKUP(B17,选手名单!A:I,2,0) -> #N/A | D17: =VLOOKUP(B17,选手名单!A:I,6,0) -> #N/A | E17: =VLOOKUP(B17,选手名单!A:I,3,0) -> #N/A | F17: =VLOOKUP(B17,选手名单!A:I,5,0) -> #N/A | G17: =VLOOKUP(B17,选手名单!A:I,7,0) -> #N/A | P17: 星河
C18: =VLOOKUP(B18,选手名单!A:I,2,0) -> #N/A | D18: =VLOOKUP(B18,选手名单!A:I,6,0) -> #N/A | E18: =VLOOKUP(B18,选手名单!A:I,3,0) -> #N/A | F18: =VLOOKUP(B18,选手名单!A:I,5,0) -> #N/A | G18: =VLOOKUP(B18,选手名单!A:I,7,0) -> #N/A
C19: =VLOOKUP(B19,选手名单!A:I,2,0) -> #N/A | D19: =VLOOKUP(B19,选手名单!A:I,6,0) -> #N/A | E19: =VLOOKUP(B19,选手名单!A:I,3,0) -> #N/A | F19: =VLOOKUP(B19,选手名单!A:I,5,0) -> #N/A | G19: =VLOOKUP(B19,选手名单!A:I,7,0) -> #N/A | P19: 第3组BO1 | S19: 星河
C20: =VLOOKUP(B20,选手名单!A:I,2,0) -> #N/A | D20: =VLOOKUP(B20,选手名单!A:I,6,0) -> #N/A | E20: =VLOOKUP(B20,选手名单!A:I,3,0) -> #N/A | F20: =VLOOKUP(B20,选手名单!A:I,5,0) -> #N/A | G20: =VLOOKUP(B20,选手名单!A:I,7,0) -> #N/A
C21: =VLOOKUP(B21,选手名单!A:I,2,0) -> #N/A | D21: =VLOOKUP(B21,选手名单!A:I,6,0) -> #N/A | E21: =VLOOKUP(B21,选手名单!A:I,3,0) -> #N/A | F21: =VLOOKUP(B21,选手名单!A:I,5,0) -> #N/A | G21: =VLOOKUP(B21,选手名单!A:I,7,0) -> #N/A | P21: 风 | S21: 34胜者BO1
C22: =VLOOKUP(B22,选手名单!A:I,2,0) -> #N/A | D22: =VLOOKUP(B22,选手名单!A:I,6,0) -> #N/A | E22: =VLOOKUP(B22,选手名单!A:I,3,0) -> #N/A | F22: =VLOOKUP(B22,选手名单!A:I,5,0) -> #N/A | G22: =VLOOKUP(B22,选手名单!A:I,7,0) -> #N/A | I22: 总分 | J22: =SUM(J17:J21) -> 0 | K22: 总分 | L22: =SUM(L17:L21) -> 0 | M22: 总分 | N22: =SUM(N17:N20) -> 0 | V22: 星河
C23: =VLOOKUP(B23,选手名单!A:I,2,0) -> #N/A | D23: =VLOOKUP(B23,选手名单!A:I,6,0) -> #N/A | E23: =VLOOKUP(B23,选手名单!A:I,3,0) -> #N/A | F23: =VLOOKUP(B23,选手名单!A:I,5,0) -> #N/A | G23: =VLOOKUP(B23,选手名单!A:I,7,0) -> #N/A
C24: =VLOOKUP(B24,选手名单!A:I,2,0) -> #N/A | D24: =VLOOKUP(B24,选手名单!A:I,6,0) -> #N/A | E24: =VLOOKUP(B24,选手名单!A:I,3,0) -> #N/A | F24: =VLOOKUP(B24,选手名单!A:I,5,0) -> #N/A | G24: =VLOOKUP(B24,选手名单!A:I,7,0) -> #N/A
C25: =VLOOKUP(B25,选手名单!A:I,2,0) -> #N/A | D25: =VLOOKUP(B25,选手名单!A:I,6,0) -> #N/A | E25: =VLOOKUP(B25,选手名单!A:I,3,0) -> #N/A | F25: =VLOOKUP(B25,选手名单!A:I,5,0) -> #N/A | G25: =VLOOKUP(B25,选手名单!A:I,7,0) -> #N/A | P25: 小雪
C26: =VLOOKUP(B26,选手名单!A:I,2,0) -> #N/A | D26: =VLOOKUP(B26,选手名单!A:I,6,0) -> #N/A | E26: =VLOOKUP(B26,选手名单!A:I,3,0) -> #N/A | F26: =VLOOKUP(B26,选手名单!A:I,5,0) -> #N/A | G26: =VLOOKUP(B26,选手名单!A:I,7,0) -> #N/A
C27: =VLOOKUP(B27,选手名单!A:I,2,0) -> #N/A | D27: =VLOOKUP(B27,选手名单!A:I,6,0) -> #N/A | E27: =VLOOKUP(B27,选手名单!A:I,3,0) -> #N/A | F27: =VLOOKUP(B27,选手名单!A:I,5,0) -> #N/A | G27: =VLOOKUP(B27,选手名单!A:I,7,0) -> #N/A | P27: 第4组BO1 | S27: 踏雾
C28: =VLOOKUP(B28,选手名单!A:I,2,0) -> #N/A | D28: =VLOOKUP(B28,选手名单!A:I,6,0) -> #N/A | E28: =VLOOKUP(B28,选手名单!A:I,3,0) -> #N/A | F28: =VLOOKUP(B28,选手名单!A:I,5,0) -> #N/A | G28: =VLOOKUP(B28,选手名单!A:I,7,0) -> #N/A | AA28: ➡️
C29: =VLOOKUP(B29,选手名单!A:I,2,0) -> #N/A | D29: =VLOOKUP(B29,选手名单!A:I,6,0) -> #N/A | E29: =VLOOKUP(B29,选手名单!A:I,3,0) -> #N/A | F29: =VLOOKUP(B29,选手名单!A:I,5,0) -> #N/A | G29: =VLOOKUP(B29,选手名单!A:I,7,0) -> #N/A | I29: 总分 | K29: 总分 | L29: =SUM(L24:L28) -> 0 | M29: 总分 | N29: =SUM(N24:N28) -> 0 | P29: 踏雾
C30: =VLOOKUP(B30,选手名单!A:I,2,0) -> #N/A | D30: =VLOOKUP(B30,选手名单!A:I,6,0) -> #N/A | E30: =VLOOKUP(B30,选手名单!A:I,3,0) -> #N/A | F30: =VLOOKUP(B30,选手名单!A:I,5,0) -> #N/A | G30: =VLOOKUP(B30,选手名单!A:I,7,0) -> #N/A
C31: =VLOOKUP(B31,选手名单!A:I,2,0) -> #N/A | D31: =VLOOKUP(B31,选手名单!A:I,6,0) -> #N/A | E31: =VLOOKUP(B31,选手名单!A:I,3,0) -> #N/A | F31: =VLOOKUP(B31,选手名单!A:I,5,0) -> #N/A | G31: =VLOOKUP(B31,选手名单!A:I,7,0) -> #N/A
C32: =VLOOKUP(B32,选手名单!A:I,2,0) -> #N/A | D32: =VLOOKUP(B32,选手名单!A:I,6,0) -> #N/A | E32: =VLOOKUP(B32,选手名单!A:I,3,0) -> #N/A | F32: =VLOOKUP(B32,选手名单!A:I,5,0) -> #N/A | G32: =VLOOKUP(B32,选手名单!A:I,7,0) -> #N/A | P32: 笑败
C33: =VLOOKUP(B33,选手名单!A:I,2,0) -> #N/A | D33: =VLOOKUP(B33,选手名单!A:I,6,0) -> #N/A | E33: =VLOOKUP(B33,选手名单!A:I,3,0) -> #N/A | F33: =VLOOKUP(B33,选手名单!A:I,5,0) -> #N/A | G33: =VLOOKUP(B33,选手名单!A:I,7,0) -> #N/A
C34: =VLOOKUP(B34,选手名单!A:I,2,0) -> #N/A | D34: =VLOOKUP(B34,选手名单!A:I,6,0) -> #N/A | E34: =VLOOKUP(B34,选手名单!A:I,3,0) -> #N/A | F34: =VLOOKUP(B34,选手名单!A:I,5,0) -> #N/A | G34: =VLOOKUP(B34,选手名单!A:I,7,0) -> #N/A | P34: 第3组BO1 | S34: 笑败
C35: =VLOOKUP(B35,选手名单!A:I,2,0) -> #N/A | D35: =VLOOKUP(B35,选手名单!A:I,6,0) -> #N/A | E35: =VLOOKUP(B35,选手名单!A:I,3,0) -> #N/A | F35: =VLOOKUP(B35,选手名单!A:I,5,0) -> #N/A | G35: =VLOOKUP(B35,选手名单!A:I,7,0) -> #N/A
C36: =VLOOKUP(B36,选手名单!A:I,2,0) -> #N/A | D36: =VLOOKUP(B36,选手名单!A:I,6,0) -> #N/A | E36: =VLOOKUP(B36,选手名单!A:I,3,0) -> #N/A | F36: =VLOOKUP(B36,选手名单!A:I,5,0) -> #N/A | G36: =VLOOKUP(B36,选手名单!A:I,7,0) -> #N/A | P36: 老佛 | S36: 34胜者BO1
C37: =VLOOKUP(B37,选手名单!A:I,2,0) -> #N/A | D37: =VLOOKUP(B37,选手名单!A:I,6,0) -> #N/A | E37: =VLOOKUP(B37,选手名单!A:I,3,0) -> #N/A | F37: =VLOOKUP(B37,选手名单!A:I,5,0) -> #N/A | G37: =VLOOKUP(B37,选手名单!A:I,7,0) -> #N/A | V37: zealot4u
C38: =VLOOKUP(B38,选手名单!A:I,2,0) -> #N/A | D38: =VLOOKUP(B38,选手名单!A:I,6,0) -> #N/A | E38: =VLOOKUP(B38,选手名单!A:I,3,0) -> #N/A | F38: =VLOOKUP(B38,选手名单!A:I,5,0) -> #N/A | G38: =VLOOKUP(B38,选手名单!A:I,7,0) -> #N/A
C39: =VLOOKUP(B39,选手名单!A:I,2,0) -> #N/A | D39: =VLOOKUP(B39,选手名单!A:I,6,0) -> #N/A | E39: =VLOOKUP(B39,选手名单!A:I,3,0) -> #N/A | F39: =VLOOKUP(B39,选手名单!A:I,5,0) -> #N/A | G39: =VLOOKUP(B39,选手名单!A:I,7,0) -> #N/A
C40: =VLOOKUP(B40,选手名单!A:I,2,0) -> #N/A | D40: =VLOOKUP(B40,选手名单!A:I,6,0) -> #N/A | E40: =VLOOKUP(B40,选手名单!A:I,3,0) -> #N/A | F40: =VLOOKUP(B40,选手名单!A:I,5,0) -> #N/A | G40: =VLOOKUP(B40,选手名单!A:I,7,0) -> #N/A | P40: 云
C41: =VLOOKUP(B41,选手名单!A:I,2,0) -> #N/A | D41: =VLOOKUP(B41,选手名单!A:I,6,0) -> #N/A | E41: =VLOOKUP(B41,选手名单!A:I,3,0) -> #N/A | F41: =VLOOKUP(B41,选手名单!A:I,5,0) -> #N/A | G41: =VLOOKUP(B41,选手名单!A:I,7,0) -> #N/A
P42: 第4组BO1 | S42: zealot4u
P44: zealot4u
S48: 兆焱
V49: 复活
V50: 兆焱
S51: 踏雾
S54: 笑败

Sheet 2.13内战
B1: 接龙序号 | C1: 微信昵称（群） | D1: 战力值 | E1: 数字id | F1: 参考分数 | G1: 擅长位置 | H1: 备注 | I1: 必须保留金额：剩余人员×30 | K1: 所有选手起拍价为30
B2: 2 | C2: =VLOOKUP(B2,选手名单!A:I,2,0) -> 一颗大白菜 | D2: =VLOOKUP(B2,选手名单!A:I,6,0) -> 75 | E2: =VLOOKUP(B2,选手名单!A:I,3,0) -> 186753076 | F2: =VLOOKUP(B2,选手名单!A:I,5,0) -> 7500 | G2: =VLOOKUP(B2,选手名单!A:I,7,0) -> 一,二,三 | I2: 上帝 | K2: 剩余： | M2: 顶顶队 | O2: 剩余： | U2: 上帝
B3: 3 | C3: Z | D3: =VLOOKUP(B3,选手名单!A:I,6,0) -> 63 | E3: =VLOOKUP(B3,选手名单!A:I,3,0) -> 104465635 | F3: =VLOOKUP(B3,选手名单!A:I,5,0) -> 6000 | G3: =VLOOKUP(B3,选手名单!A:I,7,0) -> 一,二 | I3: 兆焱 | J3: 0 | K3: =340-J4-J5-J6-J7 -> 0 | M3: 精品陪 | N3: 0 | O3: =350-N4-N5-N6-N7 -> 0
B4: 6 | C4: =VLOOKUP(B4,选手名单!A:I,2,0) -> jose | D4: =VLOOKUP(B4,选手名单!A:I,6,0) -> 59 | E4: =VLOOKUP(B4,选手名单!A:I,3,0) -> 1255409177 | F4: =VLOOKUP(B4,选手名单!A:I,5,0) -> 6200 | G4: =VLOOKUP(B4,选手名单!A:I,7,0) -> 三 | I4: 赤夜紫雨 | J4: 135 | M4: oksven | N4: 175 | U4: 第1组BO1 | X4: 小牛
B5: 1 | C5: =VLOOKUP(B5,选手名单!A:I,2,0) -> 笑败 | D5: =VLOOKUP(B5,选手名单!A:I,6,0) -> 84 | E5: =VLOOKUP(B5,选手名单!A:I,3,0) -> 106964785 | F5: =VLOOKUP(B5,选手名单!A:I,5,0) -> 8330 | G5: =VLOOKUP(B5,选手名单!A:I,7,0) -> 一 | I5: 云天河 | J5: 75 | M5: 阿魂 | N5: 105
B6: 22 | C6: =VLOOKUP(B6,选手名单!A:I,2,0) -> 哞哞 | D6: =VLOOKUP(B6,选手名单!A:I,6,0) -> 65 | E6: =VLOOKUP(B6,选手名单!A:I,3,0) -> 235611786 | F6: =VLOOKUP(B6,选手名单!A:I,5,0) -> 4300 | G6: =VLOOKUP(B6,选手名单!A:I,7,0) -> 二 | I6: 小雪 | J6: 70 | M6: 心念 | N6: 40 | U6: 小牛 | X6: 12胜者BO1
B7: 16 | C7: =VLOOKUP(B7,选手名单!A:I,2,0) -> 你也喜欢河马嘛 | D7: =VLOOKUP(B7,选手名单!A:I,6,0) -> 53 | E7: =VLOOKUP(B7,选手名单!A:I,3,0) -> 189497913 | F7: =VLOOKUP(B7,选手名单!A:I,5,0) -> 5300 | G7: =VLOOKUP(B7,选手名单!A:I,7,0) -> 一,二,三,四,五 | I7: starling | J7: 60 | M7: luu | N7: 30 | AA7: 小牛
B8: 18 | C8: =VLOOKUP(B8,选手名单!A:I,2,0) -> 王亚祈 | D8: =VLOOKUP(B8,选手名单!A:I,6,0) -> 55 | E8: =VLOOKUP(B8,选手名单!A:I,3,0) -> 417868870 | F8: =VLOOKUP(B8,选手名单!A:I,5,0) -> 5500 | G8: =VLOOKUP(B8,选手名单!A:I,7,0) -> 一,四,五 | I8: 总分 | J8: =SUM(J3:J7) -> 340 | M8: 总分 | N8: =SUM(N3:N7) -> 350
B9: 34 | C9: =VLOOKUP(B9,选手名单!A:I,2,0) -> 精品贵公子 | D9: =VLOOKUP(B9,选手名单!A:I,6,0) -> 83 | E9: =VLOOKUP(B9,选手名单!A:I,3,0) -> 0 | F9: =VLOOKUP(B9,选手名单!A:I,5,0) -> 8600 | G9: =VLOOKUP(B9,选手名单!A:I,7,0) -> 一,三 | I9: 柬埔寨kk | K9: 剩余： | M9: 外面排队 | O9: 剩余：
B10: 20 | C10: =VLOOKUP(B10,选手名单!A:I,2,0) -> 芋头芭乐脑袋 | D10: =VLOOKUP(B10,选手名单!A:I,6,0) -> 34 | E10: =VLOOKUP(B10,选手名单!A:I,3,0) -> 168661508 | F10: =VLOOKUP(B10,选手名单!A:I,5,0) -> 3400 | G10: =VLOOKUP(B10,选手名单!A:I,7,0) -> 四,五 | I10: coconut | J10: 0 | K10: =405-J11-J12-J13-J14 -> 0 | M10: 宇文成都 | N10: 0 | O10: =390-N11-N12-N13-N14 -> 0 | U10: 顶顶队
B11: 24 | C11: =VLOOKUP(B11,选手名单!A:I,2,0) -> 雲天河 | D11: =VLOOKUP(B11,选手名单!A:I,6,0) -> 76 | E11: =VLOOKUP(B11,选手名单!A:I,3,0) -> 267719332 | F11: =VLOOKUP(B11,选手名单!A:I,5,0) -> 6500 | G11: =VLOOKUP(B11,选手名单!A:I,7,0) -> 二,四,五 | I11: 笑败 | J11: 180 | M11: 辞 | N11: 170 | AA11: 决赛BO1
B12: 40 | C12: =VLOOKUP(B12,选手名单!A:I,2,0) -> #N/A | D12: =VLOOKUP(B12,选手名单!A:I,6,0) -> #N/A | E12: =VLOOKUP(B12,选手名单!A:I,3,0) -> #N/A | F12: =VLOOKUP(B12,选手名单!A:I,5,0) -> #N/A | G12: =VLOOKUP(B12,选手名单!A:I,7,0) -> #N/A | I12: Drunk | J12: 95 | M12: summer夏 | N12: 135 | U12: 第2组BO1 | X12: 顶顶 | AD12: 冠军
B13: 29 | C13: =VLOOKUP(B13,选手名单!A:I,2,0) -> 风 | D13: =VLOOKUP(B13,选手名单!A:I,6,0) -> 50 | E13: =VLOOKUP(B13,选手名单!A:I,3,0) -> 178988576 | F13: =VLOOKUP(B13,选手名单!A:I,5,0) -> 5000 | G13: =VLOOKUP(B13,选手名单!A:I,7,0) -> 一,三 | I13: funf | J13: 40 | M13: End | N13: 30 | AD13: 小牛 | AE13: 牛哥
B14: 36 | C14: =VLOOKUP(B14,选手名单!A:I,2,0) -> #N/A | D14: =VLOOKUP(B14,选手名单!A:I,6,0) -> #N/A | E14: =VLOOKUP(B14,选手名单!A:I,3,0) -> #N/A | F14: =VLOOKUP(B14,选手名单!A:I,5,0) -> #N/A | G14: =VLOOKUP(B14,选手名单!A:I,7,0) -> #N/A | I14: pp | J14: 90 | M14: 忧郁的苹果君 | N14: 55 | U14: 林三酒 | AE14: 星河
B15: 37 | C15: =VLOOKUP(B15,选手名单!A:I,2,0) -> #N/A | D15: =VLOOKUP(B15,选手名单!A:I,6,0) -> #N/A | E15: =VLOOKUP(B15,选手名单!A:I,3,0) -> #N/A | F15: =VLOOKUP(B15,选手名单!A:I,5,0) -> #N/A | G15: =VLOOKUP(B15,选手名单!A:I,7,0) -> #N/A | I15: 总分 | J15: =SUM(J10:J13) -> 315 | M15: 总分 | N15: =SUM(N10:N14) -> 390 | AC15: ➡️ | AE15: BLY
B16: 30 | C16: =VLOOKUP(B16,选手名单!A:I,2,0) -> 荼霏 | D16: =VLOOKUP(B16,选手名单!A:I,6,0) -> 75 | E16: =VLOOKUP(B16,选手名单!A:I,3,0) -> 137852652 | F16: =VLOOKUP(B16,选手名单!A:I,5,0) -> 6800 | G16: =VLOOKUP(B16,选手名单!A:I,7,0) -> 一,二,四,五 | I16: 小虎队 | K16: 剩余： | M16: YuuU（天辉4） | O16: 剩余： | AE16: fy
B17: 23 | C17: =VLOOKUP(B17,选手名单!A:I,2,0) -> 辞 | D17: =VLOOKUP(B17,选手名单!A:I,6,0) -> 88 | E17: =VLOOKUP(B17,选手名单!A:I,3,0) -> 417861014 | F17: =VLOOKUP(B17,选手名单!A:I,5,0) -> 8300 | G17: =VLOOKUP(B17,选手名单!A:I,7,0) -> 一,二 | I17: 鑫宇神 | J17: 0 | K17: =400-J18-J19-J20-J21 -> 0 | M17: YuuU | N17: 0 | O17: =365-N18-N19-N20-N21 -> 0 | U17: 柬埔寨kk | AE17: 生在红旗下
B18: 27 | C18: =VLOOKUP(B18,选手名单!A:I,2,0) -> YuuU | D18: =VLOOKUP(B18,选手名单!A:I,6,0) -> 77 | E18: =VLOOKUP(B18,选手名单!A:I,3,0) -> 885588023 | F18: =VLOOKUP(B18,选手名单!A:I,5,0) -> 7000 | G18: =VLOOKUP(B18,选手名单!A:I,7,0) -> 一,二,三,四,五 | I18: 猪 | J18: 150 | M18: G | N18: 175
B19: 31 | C19: =VLOOKUP(B19,选手名单!A:I,2,0) -> 老K | D19: =VLOOKUP(B19,选手名单!A:I,6,0) -> 40 | E19: =VLOOKUP(B19,选手名单!A:I,3,0) -> 148343069 | F19: =VLOOKUP(B19,选手名单!A:I,5,0) -> 4000 | G19: =VLOOKUP(B19,选手名单!A:I,7,0) -> 二,四,五 | I19: MBP | J19: 150 | M19: 踏雾 | N19: 125 | U19: 第3组BO1BO1 | X19: 柬埔寨kk
B20: 19 | C20: =VLOOKUP(B20,选手名单!A:I,2,0) -> 21 | D20: =VLOOKUP(B20,选手名单!A:I,6,0) -> 75 | E20: =VLOOKUP(B20,选手名单!A:I,3,0) -> 277443592 | F20: =VLOOKUP(B20,选手名单!A:I,5,0) -> 6800 | G20: =VLOOKUP(B20,选手名单!A:I,7,0) -> 一 | I20: 睡衣大大 | J20: 30 | M20: No | N20: 35
B21: 33 | C21: =VLOOKUP(B21,选手名单!A:I,2,0) -> 杜麦尼 | D21: =VLOOKUP(B21,选手名单!A:I,6,0) -> 50 | E21: =VLOOKUP(B21,选手名单!A:I,3,0) -> 157424993 | F21: =VLOOKUP(B21,选手名单!A:I,5,0) -> 5000 | G21: =VLOOKUP(B21,选手名单!A:I,7,0) -> 一,二 | I21: 花基 | J21: 70 | M21: ling | N21: 30 | U21: YuuU | X21: 34胜者BO1
B22: 38 | C22: =VLOOKUP(B22,选手名单!A:I,2,0) -> #N/A | D22: =VLOOKUP(B22,选手名单!A:I,6,0) -> #N/A | E22: =VLOOKUP(B22,选手名单!A:I,3,0) -> #N/A | F22: =VLOOKUP(B22,选手名单!A:I,5,0) -> #N/A | G22: =VLOOKUP(B22,选手名单!A:I,7,0) -> #N/A | I22: 总分 | J22: =SUM(J17:J21) -> 400 | M22: 总分 | N22: =SUM(N17:N21) -> 365 | AA22: 柬埔寨kk | AD22: coconut
B23: 10 | C23: =VLOOKUP(B23,选手名单!A:I,2,0) -> 阿魂呐 | D23: =VLOOKUP(B23,选手名单!A:I,6,0) -> 81 | E23: =VLOOKUP(B23,选手名单!A:I,3,0) -> 138558413 | F23: =VLOOKUP(B23,选手名单!A:I,5,0) -> 7500 | G23: =VLOOKUP(B23,选手名单!A:I,7,0) -> 二 | I23: 小牛 | K23: 剩余： | M23: 林三酒 | O23: 剩余： | AD23: 笑败
B24: 13 | C24: =VLOOKUP(B24,选手名单!A:I,2,0) -> 赤夜紫雨 | D24: =VLOOKUP(B24,选手名单!A:I,6,0) -> 89 | E24: =VLOOKUP(B24,选手名单!A:I,3,0) -> 187933845 | F24: =VLOOKUP(B24,选手名单!A:I,5,0) -> 8100 | G24: =VLOOKUP(B24,选手名单!A:I,7,0) -> 一,三 | I24: 牛哥 | J24: 0 | K24: =365-J25-J26-J27-J28 -> 15 | M24: 林三酒 | N24: 0 | O24: =400-N25-N26-N27-N28 -> 0 | AD24: Drunk
B25: 35 | C25: =VLOOKUP(B25,选手名单!A:I,2,0) -> 宇文成都 | D25: =VLOOKUP(B25,选手名单!A:I,6,0) -> 55 | E25: =VLOOKUP(B25,选手名单!A:I,3,0) -> 136662507 | F25: =VLOOKUP(B25,选手名单!A:I,5,0) -> 5800 | G25: =VLOOKUP(B25,选手名单!A:I,7,0) -> 三,四 | I25: 星河 | J25: 150 | M25: Z | N25: 195 | U25: 外面排队 | AD25: funf
B26: 11 | C26: =VLOOKUP(B26,选手名单!A:I,2,0) -> iceice | D26: =VLOOKUP(B26,选手名单!A:I,6,0) -> 45 | E26: =VLOOKUP(B26,选手名单!A:I,3,0) -> 0 | F26: =VLOOKUP(B26,选手名单!A:I,5,0) -> 5500 | G26: =VLOOKUP(B26,选手名单!A:I,7,0) -> 四,五 | I26: BLY | J26: 50 | M26: iez | N26: 90 | AD26: pp
B27: 12 | C27: =VLOOKUP(B27,选手名单!A:I,2,0) -> 秋 | D27: =VLOOKUP(B27,选手名单!A:I,6,0) -> 90 | E27: =VLOOKUP(B27,选手名单!A:I,3,0) -> 1004877057 | F27: =VLOOKUP(B27,选手名单!A:I,5,0) -> 9000 | G27: =VLOOKUP(B27,选手名单!A:I,7,0) -> 一,二,三,四 | I27: fy | J27: 100 | M27: 21 | N27: 30 | U27: 第4组BO1BO1 | X27: 小虎队
B28: 17 | C28: =VLOOKUP(B28,选手名单!A:I,2,0) -> 寥寥 | D28: =VLOOKUP(B28,选手名单!A:I,6,0) -> 40 | E28: =VLOOKUP(B28,选手名单!A:I,3,0) -> 158643480 | F28: =VLOOKUP(B28,选手名单!A:I,5,0) -> 4000 | G28: =VLOOKUP(B28,选手名单!A:I,7,0) -> 一,二,三,四,五 | I28: 生在红旗下 | J28: 50 | M28: 玖黎 | N28: 85
B29: 8 | C29: =VLOOKUP(B29,选手名单!A:I,2,0) -> 。。~ | D29: =VLOOKUP(B29,选手名单!A:I,6,0) -> 50 | E29: =VLOOKUP(B29,选手名单!A:I,3,0) -> 136537289 | F29: =VLOOKUP(B29,选手名单!A:I,5,0) -> 5000 | G29: =VLOOKUP(B29,选手名单!A:I,7,0) -> 一,二,三,四 | I29: 总分 | J29: =SUM(J24:J28) -> 350 | M29: 总分 | N29: =SUM(N24:N28) -> 400 | U29: 小虎队 | AA29: 兆焱
B30: 28 | C30: =VLOOKUP(B30,选手名单!A:I,2,0) -> BLY | D30: =VLOOKUP(B30,选手名单!A:I,6,0) -> 72 | E30: =VLOOKUP(B30,选手名单!A:I,3,0) -> 323934704 | F30: =VLOOKUP(B30,选手名单!A:I,5,0) -> 6400 | G30: =VLOOKUP(B30,选手名单!A:I,7,0) -> 一 | AA30: 赤夜紫雨
B31: 9 | C31: =VLOOKUP(B31,选手名单!A:I,2,0) -> starling | D31: =VLOOKUP(B31,选手名单!A:I,6,0) -> 34 | E31: =VLOOKUP(B31,选手名单!A:I,3,0) -> 400294058 | F31: =VLOOKUP(B31,选手名单!A:I,5,0) -> 4000 | G31: =VLOOKUP(B31,选手名单!A:I,7,0) -> 四,五 | AA31: 云天河
B32: 39 | C32: =VLOOKUP(B32,选手名单!A:I,2,0) -> #N/A | D32: =VLOOKUP(B32,选手名单!A:I,6,0) -> #N/A | E32: =VLOOKUP(B32,选手名单!A:I,3,0) -> #N/A | F32: =VLOOKUP(B32,选手名单!A:I,5,0) -> #N/A | G32: =VLOOKUP(B32,选手名单!A:I,7,0) -> #N/A | V32: 败者组 | X32: 上帝 | AA32: 小雪
B33: 5 | C33: =VLOOKUP(B33,选手名单!A:I,2,0) -> 蜡笔小雪 | D33: =VLOOKUP(B33,选手名单!A:I,6,0) -> 60 | E33: =VLOOKUP(B33,选手名单!A:I,3,0) -> 154029585 | F33: =VLOOKUP(B33,选手名单!A:I,5,0) -> 6000 | G33: =VLOOKUP(B33,选手名单!A:I,7,0) -> 三 | AA33: starling
B34: 26 | C34: =VLOOKUP(B34,选手名单!A:I,2,0) -> 小牛 | D34: =VLOOKUP(B34,选手名单!A:I,6,0) -> 75 | E34: =VLOOKUP(B34,选手名单!A:I,3,0) -> 1259908216 | F34: =VLOOKUP(B34,选手名单!A:I,5,0) -> 7500 | G34: =VLOOKUP(B34,选手名单!A:I,7,0) -> 二 | X34: 败者12BO1 | AA34: 上帝
B35: 32 | C35: =VLOOKUP(B35,选手名单!A:I,2,0) -> 黑色柳丁 | D35: =VLOOKUP(B35,选手名单!A:I,6,0) -> 76 | E35: =VLOOKUP(B35,选手名单!A:I,3,0) -> 457383175 | F35: =VLOOKUP(B35,选手名单!A:I,5,0) -> 0 | G35: =VLOOKUP(B35,选手名单!A:I,7,0) -> 二
B36: 7 | C36: =VLOOKUP(B36,选手名单!A:I,2,0) -> 大蟑螂 | D36: =VLOOKUP(B36,选手名单!A:I,6,0) -> 87 | E36: =VLOOKUP(B36,选手名单!A:I,3,0) -> 341670770 | F36: =VLOOKUP(B36,选手名单!A:I,5,0) -> 9000 | G36: =VLOOKUP(B36,选手名单!A:I,7,0) -> 二 | X36: 林三酒 | AA36: 老七老八BO1 | AD36: 💔
B37: 25 | C37: =VLOOKUP(B37,选手名单!A:I,2,0) -> iqbs | D37: =VLOOKUP(B37,选手名单!A:I,6,0) -> 77 | E37: =VLOOKUP(B37,选手名单!A:I,3,0) -> 383560624 | F37: =VLOOKUP(B37,选手名单!A:I,5,0) -> 7700 | G37: =VLOOKUP(B37,选手名单!A:I,7,0) -> 四,五,三 | AD37: 外面排队 | AE37: 宇文成都
B38: 4 | C38: =VLOOKUP(B38,选手名单!A:I,2,0) -> 军 | D38: =VLOOKUP(B38,选手名单!A:I,6,0) -> 45 | E38: =VLOOKUP(B38,选手名单!A:I,3,0) -> 77006306 | F38: =VLOOKUP(B38,选手名单!A:I,5,0) -> 4600 | G38: =VLOOKUP(B38,选手名单!A:I,7,0) -> 三,四 | AE38: 辞
B39: 15 | C39: =VLOOKUP(B39,选手名单!A:I,2,0) -> End | D39: =VLOOKUP(B39,选手名单!A:I,6,0) -> 58 | E39: =VLOOKUP(B39,选手名单!A:I,3,0) -> 354618808 | F39: =VLOOKUP(B39,选手名单!A:I,5,0) -> 6000 | G39: =VLOOKUP(B39,选手名单!A:I,7,0) -> 一,五 | AE39: summer夏
B40: 21 | C40: =VLOOKUP(B40,选手名单!A:I,2,0) -> 游牧骑兵 | D40: =VLOOKUP(B40,选手名单!A:I,6,0) -> 40 | E40: =VLOOKUP(B40,选手名单!A:I,3,0) -> 351772086 | F40: =VLOOKUP(B40,选手名单!A:I,5,0) -> 3000 | G40: =VLOOKUP(B40,选手名单!A:I,7,0) -> 三,四,五 | X40: YuuU | AE40: End
B41: 14 | C41: =VLOOKUP(B41,选手名单!A:I,2,0) -> 小橙皮～ | D41: =VLOOKUP(B41,选手名单!A:I,6,0) -> 41 | E41: =VLOOKUP(B41,选手名单!A:I,3,0) -> 228914641 | F41: =VLOOKUP(B41,选手名单!A:I,5,0) -> 4600 | G41: =VLOOKUP(B41,选手名单!A:I,7,0) -> 四,五 | AE41: 忧郁的苹果君
X42: 败者34BO1 | AA42: 外面排队
X44: 外面排队

Sheet 2.12内战
B1: 接龙序号 | C1: 微信昵称（群） | D1: 战力值 | E1: 数字id | F1: 参考分数 | G1: 擅长位置 | H1: 备注
B2: 1 | C2: =VLOOKUP(B2,选手名单!A:I,2,0) -> 笑败 | D2: =VLOOKUP(B2,选手名单!A:I,6,0) -> 84 | E2: =VLOOKUP(B2,选手名单!A:I,3,0) -> 106964785 | F2: =VLOOKUP(B2,选手名单!A:I,5,0) -> 8330 | G2: =VLOOKUP(B2,选手名单!A:I,7,0) -> 一 | J2: A-小小Zuilekha | L2: F-风六六 | O2: A-小小Zuilekha
B3: 11 | C3: =VLOOKUP(B3,选手名单!A:I,2,0) -> iceice | D3: =VLOOKUP(B3,选手名单!A:I,6,0) -> 45 | E3: =VLOOKUP(B3,选手名单!A:I,3,0) -> 0 | F3: =VLOOKUP(B3,选手名单!A:I,5,0) -> 5500 | G3: =VLOOKUP(B3,选手名单!A:I,7,0) -> 四,五 | J3: 小小Zuilekha | K3: 25 | L3: 风六六 | M3: 42
B4: 23 | C4: =VLOOKUP(B4,选手名单!A:I,2,0) -> 辞 | D4: =VLOOKUP(B4,选手名单!A:I,6,0) -> 88 | E4: =VLOOKUP(B4,选手名单!A:I,3,0) -> 417861014 | F4: =VLOOKUP(B4,选手名单!A:I,5,0) -> 8300 | G4: =VLOOKUP(B4,选手名单!A:I,7,0) -> 一,二 | J4: 兆焱 | K4: 95 | L4: 日月同错 | M4: 75 | O4: BO1 | R4: nox
B5: 31 | C5: =VLOOKUP(B5,选手名单!A:I,2,0) -> 老K | D5: =VLOOKUP(B5,选手名单!A:I,6,0) -> 40 | E5: =VLOOKUP(B5,选手名单!A:I,3,0) -> 148343069 | F5: =VLOOKUP(B5,选手名单!A:I,5,0) -> 4000 | G5: =VLOOKUP(B5,选手名单!A:I,7,0) -> 二,四,五 | J5: BLY | K5: 65 | L5: 所念皆星河 | M5: 85
B6: 24 | C6: =VLOOKUP(B6,选手名单!A:I,2,0) -> 雲天河 | D6: =VLOOKUP(B6,选手名单!A:I,6,0) -> 76 | E6: =VLOOKUP(B6,选手名单!A:I,3,0) -> 267719332 | F6: =VLOOKUP(B6,选手名单!A:I,5,0) -> 6500 | G6: =VLOOKUP(B6,选手名单!A:I,7,0) -> 二,四,五 | J6: i.ez | K6: 70 | L6: End | M6: 58 | O6: E-nox | R6: BO1
B7: 3 | C7: =VLOOKUP(B7,选手名单!A:I,2,0) -> 睡衣大大 | D7: =VLOOKUP(B7,选手名单!A:I,6,0) -> 63 | E7: =VLOOKUP(B7,选手名单!A:I,3,0) -> 104465635 | F7: =VLOOKUP(B7,选手名单!A:I,5,0) -> 6000 | G7: =VLOOKUP(B7,选手名单!A:I,7,0) -> 一,二 | J7: PP | K7: 48 | L7: 临江仙 | M7: 50 | U7: nox
B8: 34 | C8: =VLOOKUP(B8,选手名单!A:I,2,0) -> 精品贵公子 | D8: =VLOOKUP(B8,选手名单!A:I,6,0) -> 83 | E8: =VLOOKUP(B8,选手名单!A:I,3,0) -> 0 | F8: =VLOOKUP(B8,选手名单!A:I,5,0) -> 8600 | G8: =VLOOKUP(B8,选手名单!A:I,7,0) -> 一,三 | J8: 总战力 | K8: =SUM(K3:K7) -> 303 | L8: 总战力 | M8: =SUM(M3:M7) -> 310
B9: 36 | C9: =VLOOKUP(B9,选手名单!A:I,2,0) -> #N/A | D9: =VLOOKUP(B9,选手名单!A:I,6,0) -> #N/A | E9: =VLOOKUP(B9,选手名单!A:I,3,0) -> #N/A | F9: =VLOOKUP(B9,选手名单!A:I,5,0) -> #N/A | G9: =VLOOKUP(B9,选手名单!A:I,7,0) -> #N/A | J9: B-绮怀. | L9: C-招财喵
B10: 14 | C10: =VLOOKUP(B10,选手名单!A:I,2,0) -> 小橙皮～ | D10: =VLOOKUP(B10,选手名单!A:I,6,0) -> 41 | E10: =VLOOKUP(B10,选手名单!A:I,3,0) -> 228914641 | F10: =VLOOKUP(B10,选手名单!A:I,5,0) -> 4600 | G10: =VLOOKUP(B10,选手名单!A:I,7,0) -> 四,五 | J10: 绮怀. | K10: 26 | L10: 招财喵 | M10: 32 | O10: B-绮怀.
B11: 18 | C11: =VLOOKUP(B11,选手名单!A:I,2,0) -> 王亚祈 | D11: =VLOOKUP(B11,选手名单!A:I,6,0) -> 55 | E11: =VLOOKUP(B11,选手名单!A:I,3,0) -> 417868870 | F11: =VLOOKUP(B11,选手名单!A:I,5,0) -> 5500 | G11: =VLOOKUP(B11,选手名单!A:I,7,0) -> 一,四,五 | J11: 风 | K11: 89 | L11: 笑败 | M11: 88
B12: 6 | C12: =VLOOKUP(B12,选手名单!A:I,2,0) -> jose | D12: =VLOOKUP(B12,选手名单!A:I,6,0) -> 59 | E12: =VLOOKUP(B12,选手名单!A:I,3,0) -> 1255409177 | F12: =VLOOKUP(B12,选手名单!A:I,5,0) -> 6200 | G12: =VLOOKUP(B12,选手名单!A:I,7,0) -> 三 | J12: Drunk | K12: 68 | L12: Summer丶夏 | M12: 65 | O12: BO1 | R12: 风六六
B13: 35 | C13: =VLOOKUP(B13,选手名单!A:I,2,0) -> 宇文成都 | D13: =VLOOKUP(B13,选手名单!A:I,6,0) -> 55 | E13: =VLOOKUP(B13,选手名单!A:I,3,0) -> 136662507 | F13: =VLOOKUP(B13,选手名单!A:I,5,0) -> 5800 | G13: =VLOOKUP(B13,选手名单!A:I,7,0) -> 三,四 | J13: Songz-z | K13: 65 | L13: Z | M13: 90 | X13: 荼霏 | Y13: 荼霏
B14: 9 | C14: =VLOOKUP(B14,选手名单!A:I,2,0) -> starling | D14: =VLOOKUP(B14,选手名单!A:I,6,0) -> 34 | E14: =VLOOKUP(B14,选手名单!A:I,3,0) -> 400294058 | F14: =VLOOKUP(B14,选手名单!A:I,5,0) -> 4000 | G14: =VLOOKUP(B14,选手名单!A:I,7,0) -> 四,五 | J14: 柬埔寨fy | K14: 62 | L14: 玖黎 | M14: 58 | O14: F-风六六 | Y14: 赤夜紫雨
B15: 16 | C15: =VLOOKUP(B15,选手名单!A:I,2,0) -> 你也喜欢河马嘛 | D15: =VLOOKUP(B15,选手名单!A:I,6,0) -> 53 | E15: =VLOOKUP(B15,选手名单!A:I,3,0) -> 189497913 | F15: =VLOOKUP(B15,选手名单!A:I,5,0) -> 5300 | G15: =VLOOKUP(B15,选手名单!A:I,7,0) -> 一,二,三,四,五 | J15: 总战力 | K15: =SUM(K10:K14) -> 310 | L15: 总战力 | M15: =SUM(M10:M14) -> 333 | W15: ➡️ | Y15: iqbs
B16: 40 | C16: =VLOOKUP(B16,选手名单!A:I,2,0) -> #N/A | D16: =VLOOKUP(B16,选手名单!A:I,6,0) -> #N/A | E16: =VLOOKUP(B16,选手名单!A:I,3,0) -> #N/A | F16: =VLOOKUP(B16,选手名单!A:I,5,0) -> #N/A | G16: =VLOOKUP(B16,选手名单!A:I,7,0) -> #N/A | J16: D-梅林 | L16: E-nox | Y16: 宋。
B17: 25 | C17: =VLOOKUP(B17,选手名单!A:I,2,0) -> iqbs | D17: =VLOOKUP(B17,选手名单!A:I,6,0) -> 77 | E17: =VLOOKUP(B17,选手名单!A:I,3,0) -> 383560624 | F17: =VLOOKUP(B17,选手名单!A:I,5,0) -> 7700 | G17: =VLOOKUP(B17,选手名单!A:I,7,0) -> 四,五,三 | J17: 梅林 | K17: 38 | L17: nox | M17: 40 | O17: C-招财喵 | Y17: 幺鸡
B18: 2 | C18: =VLOOKUP(B18,选手名单!A:I,2,0) -> 一颗大白菜 | D18: =VLOOKUP(B18,选手名单!A:I,6,0) -> 75 | E18: =VLOOKUP(B18,选手名单!A:I,3,0) -> 186753076 | F18: =VLOOKUP(B18,选手名单!A:I,5,0) -> 7500 | G18: =VLOOKUP(B18,选手名单!A:I,7,0) -> 一,二,三 | J18: 21 | K18: 65 | L18: oksven | M18: 88
B19: 10 | C19: =VLOOKUP(B19,选手名单!A:I,2,0) -> 阿魂呐 | D19: =VLOOKUP(B19,选手名单!A:I,6,0) -> 81 | E19: =VLOOKUP(B19,选手名单!A:I,3,0) -> 138558413 | F19: =VLOOKUP(B19,选手名单!A:I,5,0) -> 7500 | G19: =VLOOKUP(B19,选手名单!A:I,7,0) -> 二 | J19: 蜡笔小雪 | K19: 62 | L19: 精品陪 | M19: 85 | O19: BO1 | R19: 凉子
B20: 38 | C20: =VLOOKUP(B20,选手名单!A:I,2,0) -> #N/A | D20: =VLOOKUP(B20,选手名单!A:I,6,0) -> #N/A | E20: =VLOOKUP(B20,选手名单!A:I,3,0) -> #N/A | F20: =VLOOKUP(B20,选手名单!A:I,5,0) -> #N/A | G20: =VLOOKUP(B20,选手名单!A:I,7,0) -> #N/A | J20: 小牛 | K20: 75 | L20: 雲天河 | M20: 70
B21: 7 | C21: =VLOOKUP(B21,选手名单!A:I,2,0) -> 大蟑螂 | D21: =VLOOKUP(B21,选手名单!A:I,6,0) -> 87 | E21: =VLOOKUP(B21,选手名单!A:I,3,0) -> 341670770 | F21: =VLOOKUP(B21,选手名单!A:I,5,0) -> 9000 | G21: =VLOOKUP(B21,选手名单!A:I,7,0) -> 二 | J21: 西红柿不炒蛋 | K21: 64 | L21: Funf | M21: 50 | O21: G-Ryoko凉子 | R21: BO1
B22: 8 | C22: =VLOOKUP(B22,选手名单!A:I,2,0) -> 。。~ | D22: =VLOOKUP(B22,选手名单!A:I,6,0) -> 50 | E22: =VLOOKUP(B22,选手名单!A:I,3,0) -> 136537289 | F22: =VLOOKUP(B22,选手名单!A:I,5,0) -> 5000 | G22: =VLOOKUP(B22,选手名单!A:I,7,0) -> 一,二,三,四 | J22: 总战力 | K22: =SUM(K17:K21) -> 304 | L22: 总战力 | M22: =SUM(M17:M21) -> 333 | U22: 荼霏
B23: 26 | C23: =VLOOKUP(B23,选手名单!A:I,2,0) -> 小牛 | D23: =VLOOKUP(B23,选手名单!A:I,6,0) -> 75 | E23: =VLOOKUP(B23,选手名单!A:I,3,0) -> 1259908216 | F23: =VLOOKUP(B23,选手名单!A:I,5,0) -> 7500 | G23: =VLOOKUP(B23,选手名单!A:I,7,0) -> 二 | J23: G-Ryoko凉子 | L23: H-荼霏
B24: 42 | C24: =VLOOKUP(B24,选手名单!A:I,2,0) -> #N/A | D24: =VLOOKUP(B24,选手名单!A:I,6,0) -> #N/A | E24: =VLOOKUP(B24,选手名单!A:I,3,0) -> #N/A | F24: =VLOOKUP(B24,选手名单!A:I,5,0) -> #N/A | G24: =VLOOKUP(B24,选手名单!A:I,7,0) -> #N/A | J24: Ryoko凉子 | K24: 43 | L24: 荼霏 | M24: 68
B25: 32 | C25: =VLOOKUP(B25,选手名单!A:I,2,0) -> 黑色柳丁 | D25: =VLOOKUP(B25,选手名单!A:I,6,0) -> 76 | E25: =VLOOKUP(B25,选手名单!A:I,3,0) -> 457383175 | F25: =VLOOKUP(B25,选手名单!A:I,5,0) -> 0 | G25: =VLOOKUP(B25,选手名单!A:I,7,0) -> 二 | J25: Y | K25: 80 | L25: 赤夜紫雨 | M25: 85 | O25: D-梅林
B26: 41 | C26: =VLOOKUP(B26,选手名单!A:I,2,0) -> #N/A | D26: =VLOOKUP(B26,选手名单!A:I,6,0) -> #N/A | E26: =VLOOKUP(B26,选手名单!A:I,3,0) -> #N/A | F26: =VLOOKUP(B26,选手名单!A:I,5,0) -> #N/A | G26: =VLOOKUP(B26,选手名单!A:I,7,0) -> #N/A | J26: 子熙 | K26: 53 | L26: iqbs | M26: 75
B27: 12 | C27: =VLOOKUP(B27,选手名单!A:I,2,0) -> 秋 | D27: =VLOOKUP(B27,选手名单!A:I,6,0) -> 90 | E27: =VLOOKUP(B27,选手名单!A:I,3,0) -> 1004877057 | F27: =VLOOKUP(B27,选手名单!A:I,5,0) -> 9000 | G27: =VLOOKUP(B27,选手名单!A:I,7,0) -> 一,二,三,四 | J27: 阿魂呐 | K27: 75 | L27: 宋。 | M27: 30 | O27: BO1 | R27: 荼霏
B28: 22 | C28: =VLOOKUP(B28,选手名单!A:I,2,0) -> 哞哞 | D28: =VLOOKUP(B28,选手名单!A:I,6,0) -> 65 | E28: =VLOOKUP(B28,选手名单!A:I,3,0) -> 235611786 | F28: =VLOOKUP(B28,选手名单!A:I,5,0) -> 4300 | G28: =VLOOKUP(B28,选手名单!A:I,7,0) -> 二 | J28: MY all | K28: 60 | L28: 幺鸡 | M28: 41
B29: 13 | C29: =VLOOKUP(B29,选手名单!A:I,2,0) -> 赤夜紫雨 | D29: =VLOOKUP(B29,选手名单!A:I,6,0) -> 89 | E29: =VLOOKUP(B29,选手名单!A:I,3,0) -> 187933845 | F29: =VLOOKUP(B29,选手名单!A:I,5,0) -> 8100 | G29: =VLOOKUP(B29,选手名单!A:I,7,0) -> 一,三 | J29: 总战力 | K29: =SUM(K24:K28) -> 311 | L29: 总战力 | M29: =SUM(M24:M28) -> 299 | O29: H-荼霏
B30: 30 | C30: =VLOOKUP(B30,选手名单!A:I,2,0) -> 荼霏 | D30: =VLOOKUP(B30,选手名单!A:I,6,0) -> 75 | E30: =VLOOKUP(B30,选手名单!A:I,3,0) -> 137852652 | F30: =VLOOKUP(B30,选手名单!A:I,5,0) -> 6800 | G30: =VLOOKUP(B30,选手名单!A:I,7,0) -> 一,二,四,五
B31: 33 | C31: =VLOOKUP(B31,选手名单!A:I,2,0) -> 杜麦尼 | D31: =VLOOKUP(B31,选手名单!A:I,6,0) -> 50 | E31: =VLOOKUP(B31,选手名单!A:I,3,0) -> 157424993 | F31: =VLOOKUP(B31,选手名单!A:I,5,0) -> 5000 | G31: =VLOOKUP(B31,选手名单!A:I,7,0) -> 一,二
B32: 37 | C32: =VLOOKUP(B32,选手名单!A:I,2,0) -> #N/A | D32: =VLOOKUP(B32,选手名单!A:I,6,0) -> #N/A | E32: =VLOOKUP(B32,选手名单!A:I,3,0) -> #N/A | F32: =VLOOKUP(B32,选手名单!A:I,5,0) -> #N/A | G32: =VLOOKUP(B32,选手名单!A:I,7,0) -> #N/A
B33: 19 | C33: =VLOOKUP(B33,选手名单!A:I,2,0) -> 21 | D33: =VLOOKUP(B33,选手名单!A:I,6,0) -> 75 | E33: =VLOOKUP(B33,选手名单!A:I,3,0) -> 277443592 | F33: =VLOOKUP(B33,选手名单!A:I,5,0) -> 6800 | G33: =VLOOKUP(B33,选手名单!A:I,7,0) -> 一
B34: 27 | C34: =VLOOKUP(B34,选手名单!A:I,2,0) -> YuuU | D34: =VLOOKUP(B34,选手名单!A:I,6,0) -> 77 | E34: =VLOOKUP(B34,选手名单!A:I,3,0) -> 885588023 | F34: =VLOOKUP(B34,选手名单!A:I,5,0) -> 7000 | G34: =VLOOKUP(B34,选手名单!A:I,7,0) -> 一,二,三,四,五
B35: 28 | C35: =VLOOKUP(B35,选手名单!A:I,2,0) -> BLY | D35: =VLOOKUP(B35,选手名单!A:I,6,0) -> 72 | E35: =VLOOKUP(B35,选手名单!A:I,3,0) -> 323934704 | F35: =VLOOKUP(B35,选手名单!A:I,5,0) -> 6400 | G35: =VLOOKUP(B35,选手名单!A:I,7,0) -> 一
B36: 21 | C36: =VLOOKUP(B36,选手名单!A:I,2,0) -> 游牧骑兵 | D36: =VLOOKUP(B36,选手名单!A:I,6,0) -> 40 | E36: =VLOOKUP(B36,选手名单!A:I,3,0) -> 351772086 | F36: =VLOOKUP(B36,选手名单!A:I,5,0) -> 3000 | G36: =VLOOKUP(B36,选手名单!A:I,7,0) -> 三,四,五
B37: 39 | C37: =VLOOKUP(B37,选手名单!A:I,2,0) -> #N/A | D37: =VLOOKUP(B37,选手名单!A:I,6,0) -> #N/A | E37: =VLOOKUP(B37,选手名单!A:I,3,0) -> #N/A | F37: =VLOOKUP(B37,选手名单!A:I,5,0) -> #N/A | G37: =VLOOKUP(B37,选手名单!A:I,7,0) -> #N/A
B38: 15 | C38: =VLOOKUP(B38,选手名单!A:I,2,0) -> End | D38: =VLOOKUP(B38,选手名单!A:I,6,0) -> 58 | E38: =VLOOKUP(B38,选手名单!A:I,3,0) -> 354618808 | F38: =VLOOKUP(B38,选手名单!A:I,5,0) -> 6000 | G38: =VLOOKUP(B38,选手名单!A:I,7,0) -> 一,五
B39: 4 | C39: =VLOOKUP(B39,选手名单!A:I,2,0) -> 军 | D39: =VLOOKUP(B39,选手名单!A:I,6,0) -> 45 | E39: =VLOOKUP(B39,选手名单!A:I,3,0) -> 77006306 | F39: =VLOOKUP(B39,选手名单!A:I,5,0) -> 4600 | G39: =VLOOKUP(B39,选手名单!A:I,7,0) -> 三,四
B40: 5 | C40: =VLOOKUP(B40,选手名单!A:I,2,0) -> 蜡笔小雪 | D40: =VLOOKUP(B40,选手名单!A:I,6,0) -> 60 | E40: =VLOOKUP(B40,选手名单!A:I,3,0) -> 154029585 | F40: =VLOOKUP(B40,选手名单!A:I,5,0) -> 6000 | G40: =VLOOKUP(B40,选手名单!A:I,7,0) -> 三
B41: 29 | C41: =VLOOKUP(B41,选手名单!A:I,2,0) -> 风 | D41: =VLOOKUP(B41,选手名单!A:I,6,0) -> 50 | E41: =VLOOKUP(B41,选手名单!A:I,3,0) -> 178988576 | F41: =VLOOKUP(B41,选手名单!A:I,5,0) -> 5000 | G41: =VLOOKUP(B41,选手名单!A:I,7,0) -> 一,三
A42: 45 123 | B42: Y 80

Sheet 2.11内战
A1: 接龙序号 | B1: 微信昵称（群） | C1: 战力值 | D1: 数字id | E1: 参考分数 | F1: 擅长位置 | G1: 备注
A2: 15 | B2: 绮怀. | C2: =VLOOKUP(B2,选手名单!B:I,5,0) -> 28 | D2: =VLOOKUP(B2,选手名单!B:I,2,0) -> 283980530 | E2: =VLOOKUP(B2,选手名单!B:I,4,0) -> 2000 | F2: =VLOOKUP(B2,选手名单!B:I,6,0) -> 四,五,三,二,一 | I2: 绮怀. | K2: 招财喵 | N2: ling
B3: 灵娥小师妹 | C3: =VLOOKUP(B3,选手名单!B:I,5,0) -> 28 | D3: =VLOOKUP(B3,选手名单!B:I,2,0) -> 248577940 | E3: =VLOOKUP(B3,选手名单!B:I,4,0) -> 4000 | F3: =VLOOKUP(B3,选手名单!B:I,6,0) -> 四,五 | I3: 绮怀. | J3: =VLOOKUP(B2,选手名单!B:I,5,0) -> 28 | K3: 招财喵 | L3: =VLOOKUP(B4,选手名单!B:I,5,0) -> 30
B4: 招财喵 | C4: =VLOOKUP(B4,选手名单!B:I,5,0) -> 30 | D4: =VLOOKUP(B4,选手名单!B:I,2,0) -> 136636318 | E4: =VLOOKUP(B4,选手名单!B:I,4,0) -> 3000 | F4: =VLOOKUP(B4,选手名单!B:I,6,0) -> 四 | I4: 风 | J4: =VLOOKUP(B33,选手名单!B:I,5,0) -> 50 | K4: 上帝 | L4: =VLOOKUP(B36,选手名单!B:I,5,0) -> 90 | N4: BO1 | Q4: 心念
B5: Starling | C5: =VLOOKUP(B5,选手名单!B:I,5,0) -> 34 | D5: =VLOOKUP(B5,选手名单!B:I,2,0) -> 400294058 | E5: =VLOOKUP(B5,选手名单!B:I,4,0) -> 4000 | F5: =VLOOKUP(B5,选手名单!B:I,6,0) -> 四,五 | I5: Z | J5: =VLOOKUP(B34,选手名单!B:I,5,0) -> #N/A | K5: Drunk | L5: =VLOOKUP(B24,选手名单!B:I,5,0) -> 70
A6: 25 | B6: 花基 | C6: =VLOOKUP(B6,选手名单!B:I,5,0) -> 35 | D6: =VLOOKUP(B6,选手名单!B:I,2,0) -> 308829979 | E6: =VLOOKUP(B6,选手名单!B:I,4,0) -> 4000 | F6: =VLOOKUP(B6,选手名单!B:I,6,0) -> 五 | I6: ZMJ | J6: =VLOOKUP(B14,选手名单!B:I,5,0) -> #N/A | K6: jose | L6: =VLOOKUP(B17,选手名单!B:I,5,0) -> 59 | N6: 心念 | Q6: BO1
B7: 周粲 AZ | C7: =VLOOKUP(B7,选手名单!B:I,5,0) -> 43 | D7: =VLOOKUP(B7,选手名单!B:I,2,0) -> 0 | E7: =VLOOKUP(B7,选手名单!B:I,4,0) -> 4300 | F7: =VLOOKUP(B7,选手名单!B:I,6,0) -> 一,三,四 | I7: 灵娥小师妹 | J7: =VLOOKUP(B3,选手名单!B:I,5,0) -> 28 | K7: coconut | L7: =VLOOKUP(B12,选手名单!B:I,5,0) -> 64 | T7: 心念
A8: 14 | B8: 小肥羊 | C8: =VLOOKUP(B8,选手名单!B:I,5,0) -> 49 | D8: =VLOOKUP(B8,选手名单!B:I,2,0) -> 443919132 | E8: =VLOOKUP(B8,选手名单!B:I,4,0) -> 4700 | F8: =VLOOKUP(B8,选手名单!B:I,6,0) -> 四,五 | I8: 总分 | J8: =SUM(J3:J7) -> #N/A | K8: 总分 | L8: =SUM(L3:L7) -> 313
A9: 7 | B9: 心念（风九九） | C9: =VLOOKUP(B9,选手名单!B:I,5,0) -> 47 | D9: =VLOOKUP(B9,选手名单!B:I,2,0) -> 250268031 | E9: =VLOOKUP(B9,选手名单!B:I,4,0) -> 4700 | F9: =VLOOKUP(B9,选手名单!B:I,6,0) -> 一 | I9: Starling | K9: 周粲 AZ
A10: 18 | B10: pp | C10: =VLOOKUP(B10,选手名单!B:I,5,0) -> 45 | D10: =VLOOKUP(B10,选手名单!B:I,2,0) -> 320479234 | E10: =VLOOKUP(B10,选手名单!B:I,4,0) -> 4990 | F10: =VLOOKUP(B10,选手名单!B:I,6,0) -> 四,五 | I10: Starling | J10: =VLOOKUP(B5,选手名单!B:I,5,0) -> 34 | K10: 周粲 AZ | L10: =VLOOKUP(B6,选手名单!B:I,5,0) -> 35 | N10: 招财喵
A11: 19 | B11: Anssha | C11: =VLOOKUP(B11,选手名单!B:I,5,0) -> 52 | D11: =VLOOKUP(B11,选手名单!B:I,2,0) -> 138862706 | E11: =VLOOKUP(B11,选手名单!B:I,4,0) -> 5000 | F11: =VLOOKUP(B11,选手名单!B:I,6,0) -> 三,四 | I11: 秋 | J11: =VLOOKUP(B35,选手名单!B:I,5,0) -> 90 | K11: y | L11: =VLOOKUP(B27,选手名单!B:I,5,0) -> 80
A12: 20 | B12: coconut | C12: =VLOOKUP(B12,选手名单!B:I,5,0) -> 64 | D12: =VLOOKUP(B12,选手名单!B:I,2,0) -> 108868178 | E12: =VLOOKUP(B12,选手名单!B:I,4,0) -> 6000 | F12: =VLOOKUP(B12,选手名单!B:I,6,0) -> 二 | I12: 星河 | J12: =VLOOKUP(B30,选手名单!B:I,5,0) -> #N/A | K12: 踏雾 | L12: =VLOOKUP(B26,选手名单!B:I,5,0) -> 75 | N12: BO1 | Q12: 小肥羊 | W12: 🏆
A13: 5 | B13: 子熙 | C13: =VLOOKUP(B13,选手名单!B:I,5,0) -> 55 | D13: =VLOOKUP(B13,选手名单!B:I,2,0) -> 207370853 | E13: =VLOOKUP(B13,选手名单!B:I,4,0) -> 5800 | F13: =VLOOKUP(B13,选手名单!B:I,6,0) -> 二,三,四,五 | I13: 红猪 | J13: =VLOOKUP(B15,选手名单!B:I,5,0) -> 60 | K13: Summer丶夏 | L13: =VLOOKUP(B21,选手名单!B:I,5,0) -> 68 | W13: pp | X13: pp
A14: 17 | B14: ZMJ | C14: =VLOOKUP(B14,选手名单!B:I,5,0) -> #N/A | D14: =VLOOKUP(B14,选手名单!B:I,2,0) -> #N/A | E14: =VLOOKUP(B14,选手名单!B:I,4,0) -> #N/A | F14: =VLOOKUP(B14,选手名单!B:I,6,0) -> #N/A | I14: 睡衣大大 | J14: =VLOOKUP(B16,选手名单!B:I,5,0) -> 63 | K14: Devil__love | L14: =VLOOKUP(B19,选手名单!B:I,5,0) -> 58 | N14: 小肥羊 | X14: 蜡笔小雪
A15: 11 | B15: 红猪 | C15: =VLOOKUP(B15,选手名单!B:I,5,0) -> 60 | D15: =VLOOKUP(B15,选手名单!B:I,2,0) -> 171553343 | E15: =VLOOKUP(B15,选手名单!B:I,4,0) -> 6000 | F15: =VLOOKUP(B15,选手名单!B:I,6,0) -> 三,五 | I15: 总分 | J15: =SUM(J10:J14) -> #N/A | K15: 总分 | L15: =SUM(L10:L14) -> 316 | V15: ➡️ | X15: 精品陪
B16: 睡衣大大 | C16: =VLOOKUP(B16,选手名单!B:I,5,0) -> 63 | D16: =VLOOKUP(B16,选手名单!B:I,2,0) -> 104465635 | E16: =VLOOKUP(B16,选手名单!B:I,4,0) -> 6000 | F16: =VLOOKUP(B16,选手名单!B:I,6,0) -> 一,二 | I16: 小肥羊 | K16: 心念（风九九） | X16: 环状星云
A17: 4 | B17: jose | C17: =VLOOKUP(B17,选手名单!B:I,5,0) -> 59 | D17: =VLOOKUP(B17,选手名单!B:I,2,0) -> 1255409177 | E17: =VLOOKUP(B17,选手名单!B:I,4,0) -> 6200 | F17: =VLOOKUP(B17,选手名单!B:I,6,0) -> 三 | I17: 小肥羊 | J17: =VLOOKUP(B7,选手名单!B:I,5,0) -> 43 | K17: 心念（风九九） | L17: =VLOOKUP(B8,选手名单!B:I,5,0) -> 49 | N17: starling | X17: Anssha
A18: 8 | B18: 蜡笔小雪 | C18: =VLOOKUP(B18,选手名单!B:I,5,0) -> 60 | D18: =VLOOKUP(B18,选手名单!B:I,2,0) -> 154029585 | E18: =VLOOKUP(B18,选手名单!B:I,4,0) -> 6000 | F18: =VLOOKUP(B18,选手名单!B:I,6,0) -> 三 | I18: 笑败 | J18: =VLOOKUP(B32,选手名单!B:I,5,0) -> 84 | K18: 猪 | L18: =VLOOKUP(B29,选手名单!B:I,5,0) -> 83
A19: 12 | B19: Devil__love | C19: =VLOOKUP(B19,选手名单!B:I,5,0) -> 58 | D19: =VLOOKUP(B19,选手名单!B:I,2,0) -> 1101885767 | E19: =VLOOKUP(B19,选手名单!B:I,4,0) -> 6500 | F19: =VLOOKUP(B19,选手名单!B:I,6,0) -> 四,五 | I19: 子熙 | J19: =VLOOKUP(B13,选手名单!B:I,5,0) -> 55 | K19: 小脑斧 | L19: =VLOOKUP(B21,选手名单!B:I,5,0) -> 68 | N19: BO1 | Q19: 周
B20: BLY | C20: =VLOOKUP(B20,选手名单!B:I,5,0) -> 72 | D20: =VLOOKUP(B20,选手名单!B:I,2,0) -> 323934704 | E20: =VLOOKUP(B20,选手名单!B:I,4,0) -> 6400 | F20: =VLOOKUP(B20,选手名单!B:I,6,0) -> 一 | I20: 小牛 | J20: =VLOOKUP(B26,选手名单!B:I,5,0) -> 75 | K20: YuuU | L20: =VLOOKUP(B25,选手名单!B:I,5,0) -> 77
A21: 6 | B21: Summer丶夏 | C21: =VLOOKUP(B21,选手名单!B:I,5,0) -> 68 | D21: =VLOOKUP(B21,选手名单!B:I,2,0) -> 355328125 | E21: =VLOOKUP(B21,选手名单!B:I,4,0) -> 6649 | F21: =VLOOKUP(B21,选手名单!B:I,6,0) -> 一,二,三,四,五 | I21: BLY | J21: =VLOOKUP(B20,选手名单!B:I,5,0) -> 72 | K21: 花基 | L21: =VLOOKUP(B6,选手名单!B:I,5,0) -> 35 | N21: 周 | Q21: BO1
A22: 16 | B22: 小脑斧 | C22: =VLOOKUP(B22,选手名单!B:I,5,0) -> #N/A | D22: =VLOOKUP(B22,选手名单!B:I,2,0) -> #N/A | E22: =VLOOKUP(B22,选手名单!B:I,4,0) -> #N/A | F22: =VLOOKUP(B22,选手名单!B:I,6,0) -> #N/A | I22: 总分 | J22: =SUM(J17:J21) -> 329 | K22: 总分 | L22: =SUM(L17:L21) -> 312 | T22: pp
B23: 环状星云 | C23: =VLOOKUP(B23,选手名单!B:I,5,0) -> 69 | D23: =VLOOKUP(B23,选手名单!B:I,2,0) -> 206199816 | E23: =VLOOKUP(B23,选手名单!B:I,4,0) -> 6500 | F23: =VLOOKUP(B23,选手名单!B:I,6,0) -> 一,二 | G23: 8 30到 选到就第一轮轮空+5 | I23: pp
B24: Drunk | C24: =VLOOKUP(B24,选手名单!B:I,5,0) -> 70 | D24: =VLOOKUP(B24,选手名单!B:I,2,0) -> 401464166 | E24: =VLOOKUP(B24,选手名单!B:I,4,0) -> 6800 | F24: =VLOOKUP(B24,选手名单!B:I,6,0) -> 一,二,三,四,五 | I24: pp | J24: =VLOOKUP(B9,选手名单!B:I,5,0) -> 47
B25: YuuU | C25: =VLOOKUP(B25,选手名单!B:I,5,0) -> 77 | D25: =VLOOKUP(B25,选手名单!B:I,2,0) -> 885588023 | E25: =VLOOKUP(B25,选手名单!B:I,4,0) -> 7000 | F25: =VLOOKUP(B25,选手名单!B:I,6,0) -> 一,二,三,四,五 | I25: 蜡笔小雪 | J25: =VLOOKUP(B16,选手名单!B:I,5,0) -> 63 | N25: pp
B26: 小牛 | C26: =VLOOKUP(B26,选手名单!B:I,5,0) -> 75 | D26: =VLOOKUP(B26,选手名单!B:I,2,0) -> 1259908216 | E26: =VLOOKUP(B26,选手名单!B:I,4,0) -> 7500 | F26: =VLOOKUP(B26,选手名单!B:I,6,0) -> 二 | I26: 精品陪 | J26: =VLOOKUP(B31,选手名单!B:I,5,0) -> #N/A
B27: 踏雾 | C27: =VLOOKUP(B27,选手名单!B:I,5,0) -> 80 | D27: =VLOOKUP(B27,选手名单!B:I,2,0) -> 164613165 | E27: =VLOOKUP(B27,选手名单!B:I,4,0) -> 8000 | F27: =VLOOKUP(B27,选手名单!B:I,6,0) -> 一 | I27: 环状星云 | J27: 71 | N27: BO1 | Q27: pp
A28: 2 | B28: y | C28: =VLOOKUP(B28,选手名单!B:I,5,0) -> 80 | D28: =VLOOKUP(B28,选手名单!B:I,2,0) -> 207704824 | E28: =VLOOKUP(B28,选手名单!B:I,4,0) -> 8300 | F28: =VLOOKUP(B28,选手名单!B:I,6,0) -> 一,二,四,五 | I28: Anssha | J28: =VLOOKUP(B11,选手名单!B:I,5,0) -> 52
A29: 13 | B29: 狮子麒麟凤 | C29: =VLOOKUP(B29,选手名单!B:I,5,0) -> 83 | D29: =VLOOKUP(B29,选手名单!B:I,2,0) -> 266088396 | E29: =VLOOKUP(B29,选手名单!B:I,4,0) -> 8000 | F29: =VLOOKUP(B29,选手名单!B:I,6,0) -> 三,四,五 | I29: 总分 | J29: =SUM(J24:J28) -> #N/A | N29: 轮空
A30: 9 | B30: 哎呀哎呀 | C30: =VLOOKUP(B30,选手名单!B:I,5,0) -> #N/A | D30: =VLOOKUP(B30,选手名单!B:I,2,0) -> #N/A | E30: =VLOOKUP(B30,选手名单!B:I,4,0) -> #N/A | F30: =VLOOKUP(B30,选手名单!B:I,6,0) -> #N/A | G30: 星河
A31: 10 | B31: 精品陪 | C31: =VLOOKUP(B31,选手名单!B:I,5,0) -> #N/A | D31: =VLOOKUP(B31,选手名单!B:I,2,0) -> #N/A | E31: =VLOOKUP(B31,选手名单!B:I,4,0) -> #N/A | F31: =VLOOKUP(B31,选手名单!B:I,6,0) -> #N/A
A32: 22 | B32: 笑败 | C32: =VLOOKUP(B32,选手名单!B:I,5,0) -> 84 | D32: =VLOOKUP(B32,选手名单!B:I,2,0) -> 106964785 | E32: =VLOOKUP(B32,选手名单!B:I,4,0) -> 8330 | F32: =VLOOKUP(B32,选手名单!B:I,6,0) -> 一
A33: 23 | B33: 风 | C33: =VLOOKUP(B33,选手名单!B:I,5,0) -> 50 | D33: =VLOOKUP(B33,选手名单!B:I,2,0) -> 178988576 | E33: =VLOOKUP(B33,选手名单!B:I,4,0) -> 5000 | F33: =VLOOKUP(B33,选手名单!B:I,6,0) -> 一,三
A34: 3 | B34: Z | C34: =VLOOKUP(B34,选手名单!B:I,5,0) -> #N/A | D34: =VLOOKUP(B34,选手名单!B:I,2,0) -> #N/A | E34: =VLOOKUP(B34,选手名单!B:I,4,0) -> #N/A | F34: =VLOOKUP(B34,选手名单!B:I,6,0) -> #N/A
B35: 秋 | C35: =VLOOKUP(B35,选手名单!B:I,5,0) -> 90 | D35: =VLOOKUP(B35,选手名单!B:I,2,0) -> 1004877057 | E35: =VLOOKUP(B35,选手名单!B:I,4,0) -> 9000 | F35: =VLOOKUP(B35,选手名单!B:I,6,0) -> 一,二,三,四
A36: 21 | B36: 兆焱 | C36: =VLOOKUP(B36,选手名单!B:I,5,0) -> 90 | D36: =VLOOKUP(B36,选手名单!B:I,2,0) -> 176191301 | E36: =VLOOKUP(B36,选手名单!B:I,4,0) -> 8900 | F36: =VLOOKUP(B36,选手名单!B:I,6,0) -> 二

Sheet 2.10内战
A1: 数字id | B1: 游戏昵称 | C1: 微信昵称（群） | D1: 分数 | E1: 战力值 | F1: 擅长位置 | G1: 内战冠军次数 | H1: 自我介绍
B2: Mu | C2: 兆焱 | D2: 9500 | F2: 二 | G2: ★★☆☆☆ | H2: 上帝 | I2: Z | K2: 上帝 | M2: 佛 | P2: Z
A3: 289399762 | C3: Z | D3: 9000 | F3: 二 | G3: ☆☆☆☆☆ | H3: 保雨派 | I3: Z | J3: 9000 | K3: 兆焱 | L3: 9500 | M3: 精品陪 | N3: 8400
A4: 381057664 | B4: 所念皆星河 | C4: 哎呀哎呀 | D4: 8500 | F4: 一,二 | G4: ☆☆☆☆☆ | H4: 温文尔雅 | I4: 21 | J4: 6800 | K4: PP | L4: 4620 | M4: 车长老 | N4: 7500 | P4: BO1 | S4: Z
B5: 蒙面加菲猫 | C5: 精品陪 | D5: 8400 | F5: 三 | G5: ☆☆☆☆☆ | I5: 柬埔寨fy | J5: 6000 | K5: 日月同错 | L5: 7700 | M5: 子熙 | N5: 5800
A6: 106964785 | B6: 笑败 | C6: 笑败 | D6: 8390 | F6: 一 | G6: ★★★☆☆ | H6: 上帝小弟 | I6: 恕 | J6: 4900 | K6: 心念（风九九） | L6: 4700 | M6: 你也喜欢河马嘛 | N6: 5300 | P6: 星河 | S6: BO1
A7: 207704824 | B7: 多睡一会吧/做个好梦吧 | C7: y | D7: 8300 | F7: 一,二,三 | G7: ☆☆☆☆☆ | H7: 1号位3000 二号位300 | I7: 绮怀. | J7: 2000 | K7: YYT | L7: 4500 | M7: 欢迎回来 | N7: 3000 | V7: 上帝
A8: 187933845 | B8: 赤夜紫雨 | C8: 赤夜紫雨 | D8: 8100 | F8: 一,三 | G8: ☆☆☆☆☆ | H8: 武痴 | I8: 总分 | J8: =SUM(J3:J7) -> 28700 | K8: 总分 | L8: =SUM(L3:L7) -> 31020 | M8: 总分 | N8: =SUM(N3:N7) -> 30000
A9: 164613165 | B9: 空识茄蓝 | C9: 踏雾 | D9: 8000 | F9: 一 | G9: ☆☆☆☆☆ | I9: 笑败 | K9: Mago | M9: 星河 | P9: 上帝
A10: 266088396 | B10: 矮猪 | C10: 狮子麒麟凤 | D10: 8000 | F10: 三,四,五 | G10: ☆☆☆☆☆ | H10: 长的算了也就算了，打的也这么算了。 | I10: 笑败 | J10: 8390 | K10: Mago | L10: 7700 | M10: 哎呀哎呀 | N10: 8500
A11: 383560624 | B11: 琴葉葵 | C11: iqbs | D11: 7700 | F11: 四,五,三 | G11: ☆☆☆☆☆ | H11: 笑败粉丝 | I11: 狮子麒麟凤 | J11: 8000 | K11: y | L11: 8300 | M11: ^^ | N11: 6800 | P11: BO1 | S11: 上帝 | V11: BO1
A12: 136495866 | B12: ll mago | C12: Mago | D12: 7700 | F12: 二 | G12: ☆☆☆☆☆ | I12: winter | J12: 4000 | K12: luyaju | L12: 4400 | M12: jose | N12: 6200 | Y12: 🏆
A13: 168741476 | B13: 颾浪剑客 | C13: 日月同错 | D13: 7700 | F13: 一,三,四,五 | G13: ☆☆☆☆☆ | H13: 颾浪剑客（笑败的刺客） | I13: 普通朋友 | J13: 6500 | K13: 天命 | L13: 6400 | M13: 花基 | N13: 4000 | P13: 佛 | Y13: 笑败 | Z13: 笑败 | AA13: 8390
A14: 299025900 | B14: 酸酸奶盐 | C14: 车长老 | D14: 7500 | F14: 二 | G14: ☆☆☆☆☆ | H14: 不爱说话，单线程，听指挥 | I14: 幺鸡 | J14: 3800 | K14: starling | L14: 4000 | M14: Anssha | N14: 5000 | Z14: 狮子麒麟凤 | AA14: 8000
A15: 885588023 | B15: 赫尔 | C15: YuuU | D15: 7000 | F15: 一,二,三,四,五 | G15: ☆☆☆☆☆ | H15: ？ | I15: 总分 | J15: =SUM(J10:J14) -> 30690 | K15: 总分 | L15: =SUM(L10:L14) -> 30800 | M15: 总分 | N15: =SUM(N10:N14) -> 30500 | X15: ➡️ | Z15: winter | AA15: 4000
A16: 277443592 | B16: 21 | C16: 21 | D16: 6800 | F16: 一 | G16: ☆☆☆☆☆ | H16: 脚踢风仔的一号位（可爱水豚） | I16: 赤夜紫雨 | K16: 踏雾 | P16: 笑败 | Z16: 普通朋友 | AA16: 6500
A17: 401464166 | B17: Drunk | C17: ^^ | D17: 6800 | F17: 一,二,三,四,五 | G17: ☆☆☆☆☆ | H17: 儒雅随和 | I17: 赤夜紫雨 | J17: 8100 | K17: 踏雾 | L17: 8000 | Z17: 幺鸡 | AA17: 3800
A18: 355328125 | B18: Summer丶夏 | C18: Summer丶夏 | D18: 6649 | F18: 三 | G18: ★☆☆☆☆ | H18: 新手3上路，听指挥。2可当中单癞皮狗，服从安排1、4、5也可打 | I18: iqbs | J18: 7700 | K18: YuuU | L18: 7000 | P18: BO1 | S18: 笑败
A19: 849019725 | B19: Lesson 5 | C19: 普通朋友 | D19: 6500 | F19: 二 | G19: ☆☆☆☆☆ | H19: 主2副1 | I19: 洋芋 | J19: 5900 | K19: Summer丶夏 | L19: 6649
C20: 天命 | D20: 6400 | F20: 一 | G20: ☆☆☆☆☆ | I20: coconut | J20: 5000 | K20: 西红柿不炒蛋（决赛北冥雪） | L20: 6400 | P20: Mago | S20: BO1
A21: 320347996 | B21: daimon、X | C21: 西红柿不炒蛋（决赛北冥雪） | D21: 6400 | F21: 二,四,五 | G21: ☆☆☆☆☆ | H21: 颾浪剑客好友，一般只打到晚上十点 | I21: 茕茕白兔东奔西顾衣不如新人不如故 | J21: 4500 | K21: 小胖 | L21: 2900 | V21: 笑败
A22: 1255409177 | B22: 修复了猛犸偶尔会空大 | C22: jose | D22: 6200 | F22: 三 | G22: ☆☆☆☆☆ | H22: 没办法兄弟，我穷点没事，三号位是这样的，尽力了我的吧 | I22: 总分 | J22: =SUM(J17:J21) -> 31200 | K22: 总分 | L22: =SUM(L17:L21) -> 30949
A23: 122810642 | B23: m1dong | C23: 柬埔寨fy | D23: 6000 | F23: 一,二,三,四,五 | G23: ☆☆☆☆☆ | H23: 超级大稿子 | P23: 赤夜紫雨
A24: 255882400 | B24: 洋芋 | C24: 洋芋 | D24: 5900 | F24: 四,五,三 | G24: ☆☆☆☆☆ | H24: 心态最好，没有之一，不接收反驳，Ps：三号位正在练，不太熟练
A25: 207370853 | B25: 子熙六世 | C25: 子熙 | D25: 5800 | F25: 一,二,三,四,五 | G25: ☆☆☆☆☆ | H25: 绝活海 | P25: BO1 | S25: 赤夜紫雨
A26: 189497913 | B26: 你也喜欢河马嘛 | C26: 你也喜欢河马嘛 | D26: 5300 | F26: 一,二,三,四,五 | G26: ☆☆☆☆☆ | H26: 新人求不虐
A27: 206673798 | B27: eci eci eci | C27: coconut | D27: 5000 | F27: 二,三,四 | G27: ☆☆☆☆☆ | H27: 温柔男人似海洋 | P27: 踏雾
A28: 138862706 | B28: Anssha | C28: Anssha | D28: 5000 | F28: 三,四 | G28: ☆☆☆☆☆ | H28: 一万年没打了
A29: 140594695 | B29: 黑山羊 | C29: 恕 | D29: 4900 | F29: 二,四 | G29: ★☆☆☆☆ | H29: 啊吧啊吧、玻璃心
A30: 250268031 | C30: 心念（风九九） | D30: 4700 | F30: 一 | G30: ★★☆☆☆ | H30: 低分C，保笑派
A31: 320479234 | B31: 谁的猛犸叫珍珠 | C31: PP | D31: 4620 | F31: 四,五 | G31: ★☆☆☆☆ | H31: 对你的爱就像屎拉裤兜里 沉甸甸的 只有我自己知道
A32: 283183148 | B32: 茕茕白兔，东奔西顾 | C32: 茕茕白兔东奔西顾衣不如新人不如故 | D32: 4500 | F32: 一,三,四,五 | G32: ☆☆☆☆☆ | H32: 最具人气的超新星狗头选手
A33: 174406634 | B33: 白白白 | C33: YYT | D33: 4500 | F33: 五 | G33: ☆☆☆☆☆ | H33: 分很水
A34: 228914641 | B34: 小橙皮～ | C34: luyaju | D34: 4400 | F34: 四,五 | G34: ☆☆☆☆☆ | H34: 笑败giegie十年铁粉
A35: 308829979 | B35: FolwerD | C35: 花基 | D35: 4000 | F35: 五 | G35: ☆☆☆☆☆ | H35: 一名勤奋上进的普通辅助玩家
A36: 481300375 | B36: 若叶睦 mortis | C36: winter | D36: 4000 | F36: 一,四,五 | G36: ★☆☆☆☆ | H36: 一号位练习生，辅助玩的更好可能5000分？号的分是朋友玩的（）
A37: 400294058 | B37: starling | C37: starling | D37: 4000 | F37: 四,五 | G37: ☆☆☆☆☆
A38: 138720710 | B38: LZS群青 | C38: 幺鸡 | D38: 3800 | F38: 四 | G38: ☆☆☆☆☆ | H38: 不准欺负花基基
A39: 136825778 | B39: 欢迎回来 | C39: 欢迎回来 | D39: 3000 | F39: 四,五 | G39: ☆☆☆☆☆ | H39: 日常4、5，也可1可3
B40: 小胖 | C40: 小胖 | D40: 2900 | F40: 一 | G40: ☆☆☆☆☆ | H40: 心态好
A41: 283980530 | B41: ling | C41: 绮怀. | D41: 2000 | F41: 四,五,三,二,一 | G41: ★★☆☆☆ | H41: 躺狗（精品躺）

Sheet 2.9内战
A1: 游戏昵称 | B1: 微信昵称 | C1: 分数 | D1: 擅长位置 | E1: 内战冠军次数 | F1: 自我介绍 | H1: 【赛事奖励】冠军队伍100元现金，KDA最高选手一盒浓香藏茶（暴走触发隐藏奖励）
B2: Z | C2: 10000 | D2: 二 | E2: ☆☆☆☆☆ | F2: 保雨派 | H2: Summer丶夏 | J2: 恕 | M2: Summer 丶夏
A3: Mu | B3: 兆焱 | C3: 9500 | D3: 二 | E3: ★★☆☆☆ | F3: 上帝 | H3: Summer丶夏 | I3: 6649 | J3: 恕 | K3: 4900
B4: oksven | C4: 9000 | D4: 三,四,五,一 | E4: ☆☆☆☆☆ | F4: 畜 | H4: 懂王 | I4: 5500 | J4: 笑败 | K4: 8300 | M4: BO1 | P4: 蜡笔小雪
A5: 蒙面加菲猫 | B5: 蒙面加菲猫 | C5: 8600 | D5: 一 | E5: ☆☆☆☆☆ | H5: 雲天河 | I5: 7000 | J5: 阿魂呐 | K5: 7500
A6: 笑败 | B6: 笑败 | C6: 8300 | D6: 一 | E6: ★★☆☆☆ | H6: 你也喜欢河马嘛 | I6: 5300 | J6: winter | K6: 4000 | M6: 蜡笔小雪 | P6: BO1
A7: 做个好梦吧 | B7: y | C7: 8300 | D7: 一,二,三,四,五 | E7: ☆☆☆☆☆ | F7: 1号位3000 二号位3000 三号位300（有胸肌，有腹肌，也有股四头肌） | H7: 花基 | I7: 4000 | J7: 夕夕成玦 | K7: 4000 | S7: 柬埔寨 fy
A8: 赤夜紫雨 | B8: 赤夜紫雨 | C8: 8100 | D8: 一,三 | E8: ☆☆☆☆☆ | F8: 武痴 | H8: 总分 | I8: =SUM(I3:I7) -> 28449 | J8: 总分 | K8: =SUM(K3:K7) -> 28700
A9: 空识茄蓝 | B9: 踏雾 | C9: 8000 | D9: 一 | E9: ☆☆☆☆☆ | H9: Songz-z | J9: 蜡笔小雪 | M9: 恕
A10: 颾浪剑客 | B10: 日月同错 | C10: 7700 | D10: 一,三,四,五 | E10: ☆☆☆☆☆ | F10: 颾浪剑客 | H10: Songz-z | I10: 6500 | J10: 蜡笔小雪 | K10: 6000
A11: 阿魂 | B11: 阿魂呐 | C11: 7500 | D11: 二 | E11: ☆☆☆☆☆ | F11: 只想干笑败 | H11: oksven | I11: 9000 | J11: Z | K11: 10000 | M11: BO1 | P11: 柬埔寨 fy | S11: BO1
A12: 云天河 | B12: 雲天河 | C12: 7000 | D12: 二,四,五 | E12: ☆☆☆☆☆ | F12: 三猫一滚puck 拉席克女王小小，笑败大神毒唯 | H12: PP | I12: 4620 | J12: 普通朋友 | K12: 6500 | V12: 🏆
A13: Drunk | B13: ^^ | C13: 6800 | D13: 一,二,三,四,五 | E13: ☆☆☆☆☆ | F13: 儒雅随和 | H13: 李嘉宁大哥哥😕 | I13: 4400 | J13: No | K13: 3300 | M13: 柬埔寨 fy | V13: 恕（复活） | W13: 恕 | X13: 4900
A14: 酸酸奶盐 | B14: 车长老 | C14: 6800 | D14: 二 | E14: ☆☆☆☆☆ | F14: 单线程，听指挥，冲冲冲 | H14: 春雨 | I14: 3900 | J14: kaze | K14: 4500 | W14: 笑败 | X14: 8300
A15: Summer丶夏 | B15: Summer丶夏 | C15: 6649 | D15: 一,二,三,四,五 | E15: ★☆☆☆☆ | F15: 每个位置都可以玩版本赖子，究极癞皮狗+混子，无责任 | H15: 总分 | I15: =SUM(I10:I14) -> 28420 | J15: 总分 | K15: =SUM(K10:K14) -> 30300 | U15: ➡️ | W15: 阿魂呐 | X15: 7500
A16: Lesson 5 | B16: 普通朋友 | C16: 6500 | D16: 一,二 | E16: ☆☆☆☆☆ | F16: 主2副1 | H16: End（马来王子） | J16: 柬埔寨fy | M16: Songz-z | W16: winter | X16: 4000
A17: godf | B17: Songz-z | C17: 6500 | D17: 二,四 | E17: ☆☆☆☆☆ | H17: End | I17: 6000 | J17: 柬埔寨fy | K17: 6000 | W17: 夕夕成玦 | X17: 4000
A18: daimon、X | B18: 西红柿不炒蛋 | C18: 6400 | D18: 二,四 | E18: ☆☆☆☆☆ | F18: 颾浪剑客好友，一般只打到晚上十点 | H18: 日月同错 | I18: 7700 | J18: y | K18: 8300 | M18: BO1 | P18: Songz-z
A19: TraxZ | B19: End | C19: 6000 | D19: 一 | E19: ☆☆☆☆☆ | F19: 我是笑败的忠臣 | H19: 西红柿不炒蛋 | I19: 6400 | J19: 车长老 | K19: 6800
A20: m1dong | B20: 柬埔寨fy | C20: 6000 | D20: 一,二,三,四,五 | E20: ☆☆☆☆☆ | F20: 超级大稿子 | H20: Shera | I20: 4000 | J20: 别来无恙 | K20: 3300 | M20: 子熙 | P20: BO1
A21: 蜡笔小雪 | B21: 蜡笔小雪 | C21: 6000 | D21: 三 | E21: ★☆☆☆☆ | F21: 三号位是扛起进攻大旗的猛男，不是你们口中的贱狗（帅哥）（雨一三） | H21: 周粲 AZ | I21: 4300 | J21: 授法 | K21: 4500 | S21: 恕（复活）
A22: 子熙六世 | B22: 子熙 | C22: 5800 | D22: 一,二,三,四,五 | E22: ☆☆☆☆☆ | F22: 绝活海 | H22: 总分 | I22: =SUM(I17:I21) -> 28400 | J22: 总分 | K22: =SUM(K17:K21) -> 28900
A23: 玖黎 | B23: ZMJ | C23: 5800 | D23: 一,二,三 | E23: ☆☆☆☆☆ | F23: 佛系青年 | H23: 子熙 | J23: ZMJ | M23: End（马来王子）
B24: 懂王 | C24: 5500 | D24: 四,五 | E24: ★★★☆☆ | F24: 绝活猛犸王 | H24: 子熙 | I24: 5800 | J24: ZMJ | K24: 5800
A25: 你也喜欢河马嘛 | B25: 你也喜欢河马嘛 | C25: 5300 | D25: 一,二,三,四,五 | E25: ☆☆☆☆☆ | F25: 新人求不虐 | H25: 兆焱 | I25: 9500 | J25: 赤夜紫雨 | K25: 8100 | M25: BO1 | P25: 恕（复活）
A26: 帅气逼人 | B26: Ronin | C26: 5000 | D26: 二,三,四,五 | E26: ☆☆☆☆☆ | F26: 富有且脾气好 | H26: 蒙面加菲猫 | I26: 8600 | J26: ^^ | K26: 6800
A27: 黑山羊 | B27: 恕 | C27: 4900 | D27: 二,四 | E27: ☆☆☆☆☆ | F27: 啊吧啊吧、玻璃心 | H27: 踏雾 | I27: 8000 | J27: 绮怀. | K27: 2000 | M27: ZMJ | P27: End（马来王子）弃权
A28: 谁的猛犸叫珍珠 | B28: PP | C28: 4620 | D28: 四,五 | E28: ★☆☆☆☆ | H28: see | I28: 500 | J28: Ronin | K28: 5000
A29: kaze | B29: kaze | C29: 4500 | D29: 五,四 | E29: ☆☆☆☆☆ | F29: 账号分数是让高分男神带妹时打上去的，实际可能也就统帅水平，评级与实际水平严重不符，选择请慎重 | H29: 总分 | I29: =SUM(I24:I28) -> 32400 | J29: 总分 | K29: =SUM(K24:K28) -> 27700
A30: Revolutionary King | B30: 授法 | C30: 4500 | D30: 一,三 | E30: ☆☆☆☆☆ | F30: 很会抗压，不只玩憋壳形3。
A31: TRUENO | B31: 李嘉宁大哥哥😕 | C31: 4400 | D31: 四,五 | E31: ☆☆☆☆☆ | F31: PP精品前任队友
A32: HB | B32: 周粲 AZ | C32: 4300 | D32: 一,三,四 | E32: ☆☆☆☆☆ | F32: 刷刷打打
A33: Amie | B33: Shera | C33: 4000 | D33: 四,五 | E33: ☆☆☆☆☆ | F33: 统帅分段新星三号位，dddd
A34: FolwerD | B34: 花基 | C34: 4000 | D34: 五 | E34: ☆☆☆☆☆ | F34: 一名勤奋上进的普通辅助玩家
A35: 若叶睦 mortis | B35: winter | C35: 4000 | D35: 一,四,五 | E35: ☆☆☆☆☆ | F35: 一号位练习生，辅助玩的更好可能5000分？号的分是朋友玩的（）
A36: 夕夕成玦 | B36: 夕夕成玦 | C36: 4000 | D36: 三,四 | E36: ☆☆☆☆☆
A37: 恋如雨止 | B37: 春雨 | C37: 3900 | D37: 三,四,五 | E37: ★☆☆☆☆ | F37: 扛压就完事了，团队装发射器
B38: 别来无恙 | C38: 3300 | D38: 一,四,五 | E38: ☆☆☆☆☆ | F38: 万年传奇仔
A39: 小盆友管理员 | B39: No | C39: 3300 | D39: 二,四 | E39: ☆☆☆☆☆ | F39: 暖男
A40: ling | B40: 绮怀. | C40: 2000 | D40: 四,五,三,二,一 | E40: ★★☆☆☆ | F40: 不仅c打得烂，酱油也玩得一般呀，主要是想见见世面
A41: 猫🐱狸子都要长十只果 | B41: see | C41: 500 | D41: 一,二,三,四,五 | E41: ☆☆☆☆☆ | F41: 陈奕迅分讯 李克勤分勤 但是我要当rapper

Sheet 2.8内战
B1: 微信昵称 | C1: 分数 | D1: 擅长位置 | E1: 内战冠军次数 | F1: 自我介绍
A2: 1 | B2: 兆焱 | C2: 9500 | D2: 二 | E2: ★☆☆☆☆ | F2: 上帝
A3: 2 | B3: oksven | C3: 9000 | D3: 三,四,五 | E3: ☆☆☆☆☆ | G3: 上帝 | I3: 猪
A4: 3 | B4: 蒙面加菲猫 | C4: 8600 | D4: 一 | E4: ☆☆☆☆☆ | G4: 兆焱 | H4: 9500 | I4: 狮子麒麟凤 | J4: 7000 | K4: 上帝
A5: 4 | B5: 踏雾 | C5: 8000 | D5: 一 | E5: ☆☆☆☆☆ | G5: 懂王 | H5: 5500 | I5: oksven | J5: 9000
A6: 5 | B6: 狮子麒麟凤 | C6: 7000 | D6: 三,四,五 | E6: ☆☆☆☆☆ | F6: 长的算了也就算了，打的也这么算了。 | G6: 蜡笔小雪 | H6: 5620 | I6: 黑色柳丁 | J6: 6000 | K6: BO1 | N6: 上帝
A7: 6 | B7: 21 | C7: 6800 | D7: 一 | E7: ☆☆☆☆☆ | F7: 脚踢风仔的一号位（可爱水豚） | G7: PP | H7: 4620 | I7: 恕 | J7: 4900
A8: 7 | B8: Summer丶夏 | C8: 6649 | D8: 一,二,三,四,五 | E8: ★☆☆☆☆ | F8: 每个位置都可以玩版本赖子，究极癞皮狗+混子，无责任 | G8: 心念（风九九） | H8: 4700 | I8: 绮怀. | J8: 2000 | K8: 踏雾 | N8: BO1 | Q8: 🏆
A9: 8 | B9: 普通朋友 | C9: 6500 | D9: 一,二 | E9: ☆☆☆☆☆ | F9: 主2副1 | G9: 总分 | H9: =SUM(H4:H8) -> 29940 | I9: 总分 | J9: =SUM(J4:J8) -> 28900 | Q9: 上帝 | R9: 兆焱 | S9: 9500
A10: 9 | B10: 天命 | C10: 6400 | D10: 一 | E10: ☆☆☆☆☆ | G10: 老佛 | I10: 踏雾 | R10: 懂王 | S10: 5500
A11: 10 | B11: 黑色柳丁 | C11: 6000 | D11: 二 | E11: ☆☆☆☆☆ | F11: 笑败大神铁粉丝（忧郁王子） | G11: 蒙面加菲猫 | H11: 8600 | I11: 踏雾 | J11: 8000 | K11: 猪 | R11: 蜡笔小雪 | S11: 5620
A12: 11 | B12: 蜡笔小雪 | C12: 5620 | D12: 三 | E12: ☆☆☆☆☆ | F12: 三号位是扛起进攻大旗的猛男，不是你们口中的贱狗（帅哥） | G12: 普通朋友 | H12: 6500 | I12: Summer丶夏 | J12: 6649 | R12: PP | S12: 4620
A13: 12 | B13: 懂王 | C13: 5500 | D13: 四,五 | E13: ★★☆☆☆ | F13: 绝活猛犸王 | G13: 21 | H13: 6800 | I13: 春雨 | J13: 3900 | K13: BO1 | N13: 老佛 | R13: 心念（风九九） | S13: 4700
A14: 13 | B14: nox | C14: 5500 | D14: 五 | E14: ★☆☆☆☆ | F14: 时间充裕，不鸽。分数是被四个高分男神带上去的，水分很大。 | G14: 天命 | H14: 6400 | I14: 临江仙 | J14: 5000
A15: 14 | B15: 临江仙 | C15: 5000 | D15: 一,二,四 | E15: ☆☆☆☆☆ | G15: 熟张 | H15: 3800 | I15: nox | J15: 5500 | K15: 老佛
A16: 15 | B16: 恕 | C16: 4900 | D16: 二,四 | E16: ☆☆☆☆☆ | F16: 啊吧啊吧、玻璃心 | G16: 总分 | H16: =SUM(H11:H15) -> 32100 | I16: 总分 | J16: =SUM(J11:J15) -> 29049
A17: 16 | B17: 心念（风九九） | C17: 4700 | D17: 一 | E17: ★☆☆☆☆ | F17: 低分C，保笑派
A18: 17 | B18: PP | C18: 4620 | D18: 四,五 | E18: ☆☆☆☆☆
A19: 18 | B19: 春雨 | C19: 3900 | D19: 三,四,五 | E19: ★☆☆☆☆ | F19: 扛压就完事了，团队装发射器
A20: 19 | B20: 熟张 | C20: 3800 | D20: 一 | E20: ★☆☆☆☆ | F20: 来见见世面
A21: 20 | B21: 绮怀. | C21: 2000 | D21: 四,五,三,二,一 | E21: ★★☆☆☆ | F21: 不仅c打得烂，酱油也玩得一般呀，主要是想见见世面
A22: 冠军奖励：100RMB | D22: 上帝赞助
A23: 最高kda奖励：汉源车厘子啤酒6罐 | D23: 胡老师赞助

Sheet 2.7内战
A1: 接龙序号 | B1: steam数字id | C1: 游戏昵称 | D1: 微信昵称 | E1: 分数 | F1: 擅长位置 | G1: 备注 | I1: 2026.2.7宝可梦选人 | N1: 赛程（一晚上解决，突出一个短平快）
A2: 14 | B2: 289399762 | D2: Z | E2: 10000 | F2: 二 | G2: 万分男神 | I2: A | K2: B | N2: B
A3: 7 | C3: Mu | D3: 兆焱 | E3: 9500 | F3: 二 | G3: 上帝 | I3: 绮怀. | J3: 2000 | K3: No | L3: 2600
A4: 26 | B4: 136801289 | C4: - | D4: 风 | E4: 8750 | F4: 一 | G4: 8:30/9:00 | I4: 兆焱 | J4: 9500 | K4: Z | L4: 10000 | N4: BO1 | Q4: B
A5: 9 | D5: 蒙面加菲猫 | E5: 8500 | F5: 一 | G5: 老佛 | I5: iqbs | J5: 7700 | K5: 蜡笔小雪 | L5: 5620
A6: 4 | B6: 106964785 | C6: 笑败 | D6: 笑败 | E6: 8300 | F6: 一 | G6: 菜 | I6: 洋芋 | J6: 5900 | K6: 普通朋友 | L6: 6500 | N6: D | Q6: BO1
A7: 17 | B7: 207704824 | C7: 做个好梦吧 | D7: y | E7: 8300 | F7: 一,二,三,四,五 | G7: 牢y 顶级酱油（123狗屎） | I7: 授法 | J7: 4500 | K7: 花基 | L7: 4000
A8: 20 | B8: 187933845 | C8: 赤夜紫雨 | D8: 赤夜紫雨 | E8: 8100 | F8: 一,三 | G8: 高手1，可串3 | I8: 总分 | J8: =SUM(J3:J7) -> 29600 | K8: 总分 | L8: =SUM(L3:L7) -> 28720 | T8: B
A9: 25 | B9: 383560624 | C9: 琴葉葵 | D9: iqbs | E9: 7700 | F9: 四,五 | G9: 高级辅助 | I9: C | K9: D | N9: A
A10: 18 | B10: 267719332 | D10: 雲天河 | E10: 7000 | F10: 二,四,五 | G10: 三猫一滚puck 拉席克女王小小 | I10: 宋。 | J10: 2900 | K10: 小胖 | L10: 2900 | T10: BO1
A11: 19 | B11: 849019725 | C11: Lesson 5 | D11: 普通朋友 | E11: 6500 | F11: 一,二 | I11: 笑败 | J11: 8300 | K11: 懂王 | L11: 5500 | N11: BO1 | Q11: A
A12: 22 | D12: BLY | E12: 6500 | F12: 一,二 | G12: 天命，主1副2 | I12: 风 | J12: 8750 | K12: BLY | L12: 6500 | W12: 🏆
A13: 16 | B13: 457383175 | C13: 黑色柳丁 | D13: 黑色柳丁 | E13: 6000 | F13: 二 | G13: 谁来中路都是55开 | I13: nox | J13: 5500 | K13: y | L13: 8300 | N13: 轮空 | Q13: 8681417268 | W13: C | X13: 宋。
A14: 3 | B14: 833682223 | C14: DouYin38036...... | D14: DouYin38036...... | E14: 5900 | F14: 二 | G14: 云玩家 | I14: 春雨 | J14: 3900 | K14: PP | L14: 4620 | X14: 笑败
A15: 21 | B15: 255882400 | C15: 洋芋 | D15: 洋芋 | E15: 5900 | F15: 四,五,三 | G15: 梨杯冠军辅助 | I15: 总分 | J15: =SUM(J10:J14) -> 29350 | K15: 总分 | L15: =SUM(L10:L14) -> 27820 | X15: 风
A16: 2 | B16: 154029585 | C16: 蜡笔小雪 | D16: 蜡笔小雪 | E16: 5620 | F16: 三 | G16: 上帝前任三号位 | I16: E | K16: F | N16: C | X16: nox
A17: 6 | B17: 242392429 | C17: 幻月病 | D17: nox | E17: 5500 | F17: 五 | G17: 3000-4000分 | I17: 小乐 | J17: 3000 | K17: 欢迎回来 | L17: 3000 | X17: 春雨
A18: 8 | B18: 400401267 | D18: 懂王 | E18: 5500 | F18: 四,五 | G18: 微雨杯双冠王，三冠追逐者 | I18: 蒙面加菲猫 | J18: 8500 | K18: DouYin38036...... | L18: 5900 | N18: BO1 | Q18: C
A19: 11 | B19: 320479234 | C19: 谁的猛犸叫珍珠 | D19: PP | E19: 4620 | F19: 四,五 | G19: 秋神亲手调教的辅助 | I19: 黑色柳丁 | J19: 6000 | K19: 赤夜紫雨 | L19: 8100
A20: 28 | B20: 370449300 | C20: Revolutionary King | D20: 授法 | E20: 4500 | F20: 一,三 | G20: 很会抗压 | I20: 雲天河 | J20: 7000 | K20: luyaju | L20: 4400 | N20: E | Q20: BO1
A21: 10 | B21: 228914641 | C21: 小橙皮～ | D21: luyaju | E21: 4400 | F21: 四,五 | G21: 妹妹绝活天怒 | I21: 爱喝可乐的帅哥！ | J21: 3900 | K21: 鸭嘴兽 | L21: 3500
A22: 29 | B22: 308829979 | C22: FolwerD | D22: 花基 | E22: 4000 | F22: 五 | G22: 设计师花唧唧 | I22: 总分 | J22: =SUM(J17:J21) -> 28400 | K22: 总分 | L22: =SUM(L17:L21) -> 24900 | N22: 8681290871 | T22: C
A23: 15 | B23: 恋如雨止 | D23: 春雨 | E23: 3900 | F23: 一,三,四,五 | G23: 喜欢玩点搞人4号位 | N23: F
A24: 32 | B24: 101126670 | C24: 爱喝可乐的帅哥！ | D24: 爱喝可乐的帅哥！ | E24: 3900 | F24: 一,四 | G24: 绝活海 | T24: 8681544875
A25: 23 | B25: 143957438 | D25: 鸭嘴兽 | E25: 3500 | F25: 三 | G25: 行为分12000分，交流分12000分 | N25: BO1 | Q25: F
A26: 27 | B26: 136825778 | C26: 欢迎回来 | D26: 欢迎回来 | E26: 3000 | F26: 四,五
A27: 31 | B27: 139693504 | D27: 小乐 | E27: 3000 | F27: 一,二,三,四,五 | N27: 轮空 | Q27: 8681366459
A28: 5 | C28: 小胖 | D28: 小胖 | E28: 2900 | F28: 一
A29: 30 | B29: 137500879 | C29: 赤司 | D29: 宋。 | E29: 2900 | F29: 一,二,三,四,五
A30: 24 | B30: 124599786 | C30: 小盆友管理员 | D30: No | E30: 2600 | F30: 二,四
A31: 12 | B31: 283980530 | C31: ling | D31: 绮怀. | E31: 2000 | F31: 四,五,三,二,一

Sheet 2.6内战
A1: steam数字id | B1: 游戏昵称 | C1: 微信昵称 | D1: 分数 | E1: 擅长位置
A2: 106964785 | B2: 笑败 | C2: 笑败 | D2: 8300 | E2: 一 | G2: 上帝队 | I2: 阿鱼队 | K2: 笑面佛队 | M2: 风队
A3: 137306952 | C3: Tourbillion | D3: 8780 | E3: 三 | G3: 兆焱 | H3: 9500 | I3: Tourbillion | J3: 8780 | K3: 老佛 | L3: 8500 | M3: 风 | N3: 8750
A4: 228914641 | B4: 小橙皮～ | C4: luyaju | D4: 4400 | E4: 四,五 | G4: Summer丶夏 | H4: 6649 | I4: 21 | J4: 6800 | K4: 笑败 | L4: 8300 | M4: 雲天河 | N4: 7000
A5: 143957438 | C5: 鸭嘴兽 | D5: 3500 | E5: 三 | G5: 懂王 | H5: 5500 | I5: 天命 | J5: 6400 | K5: 风六六 | L5: 4000 | M5: DouYin38036...... | N5: 6000
A6: 400401267 | C6: 懂王 | D6: 5500 | E6: 四,五 | G6: nox | H6: 5500 | I6: luyaju | J6: 4400 | K6: 风九九 | L6: 4700 | M6: kaze | N6: 4500
A7: 833682223 | C7: DouYin38036...... | D7: 6000 | E7: 二 | G7: 绮怀. | H7: 2000 | I7: 鸭嘴兽 | J7: 3500 | K7: 花基 | L7: 4000 | M7: 罪C | N7: 3700
A8: 242392429 | B8: 幻月病 | C8: nox | D8: 5500 | E8: 五 | G8: （总分：29149） | I8: （总分：29880） | K8: （总分：29950） | M8: （总分：29500）
A9: 1248341912 | B9: 想成为ame | C9: 罪C | D9: 3700 | E9: 一
B10: Mu | C10: 兆焱 | D10: 9500 | E10: 二 | K10: 2026.2.6【微雨杯·季前小内战】时间8点 模式cw | P10: 赛程（一晚上解决，突出一个短平快）
A11: 352629086 | C11: 风六六 | D11: 4000 | E11: 四 | K11: 上帝队 | M11: 阿鱼队 | P11: 上帝队
A12: 267719332 | C12: 雲天河 | D12: 7000 | E12: 二,四,五 | K12: 兆焱 | L12: 9500 | M12: Tourbillion | N12: 8780
A13: 277443592 | B13: 21 | C13: 21 | D13: 6800 | E13: 一 | K13: Summer丶夏 | L13: 6649 | M13: 21 | N13: 6800 | P13: BO1 | S13: 上帝队
A14: 250268031 | C14: 风九九 | D14: 4700 | E14: 一 | K14: 懂王 | L14: 5500 | M14: 天命 | N14: 6400
A15: 339124546 | B15: kaze | C15: 笑败大神的粉丝 | D15: 4500 | E15: 五,四 | K15: 心念 | L15: 4700 | M15: luyaju | N15: 4400 | P15: 风队 | S15: BO1 | V15: 🏆
A16: 355328125 | B16: Summer丶夏 | C16: Summer丶夏 | D16: 6649 | E16: 一,二,三,四,五 | K16: 绮怀. | L16: 2000 | M16: 鸭嘴兽 | N16: 3500 | V16: 上帝队
B17: - | C17: 天命 | D17: 6400 | E17: 一 | K17: 总分 | L17: =SUM(L12:L16) -> 28349 | M17: 总分 | N17: =SUM(N12:N16) -> 29880
A18: 308829979 | B18: FolwerD | C18: 花基 | D18: 4000 | E18: 五 | K18: 笑面佛队 | M18: 风队
A19: 283980530 | B19: ling | C19: 绮怀. | D19: 2000 | E19: 四,五,三,二,一 | K19: 老佛 | L19: 8500 | M19: 风 | N19: 8750 | P19: 阿鱼队
C20: 老佛 | D20: 8500 | E20: 一 | K20: 笑败 | L20: 8300 | M20: 雲天河 | N20: 7000
B21: - | C21: 风 | D21: 8750 | E21: 一 | K21: nox | L21: 5500 | M21: DouYin38036...... | N21: 6000 | P21: BO1 | S21: 笑面佛队
K22: 风六六 | L22: 4000 | M22: kaze | N22: 4500
K23: 花基 | L23: 4000 | M23: 罪C | N23: 3700 | P23: 笑面佛队
K24: 总分 | L24: =SUM(L19:L23) -> 30300 | M24: 总分 | N24: =SUM(N19:N23) -> 29950

Sheet 2.5内战
A1: 昵称 | B1: 分数 | C1: 位置 | D1: 介绍
A2: 恋如雨止 | B2: 3900 | C2: 一,三,四,五 | D2: 喜欢玩点搞人4号位 | F2: 分队
A3: 倪 | B3: 3200 | C3: 四,五 | D3: 干啥啥不行 压力队友第一名，小黑屋监狱长，曾辅助万分大腿掉5000分；辅助1000分队友进小黑屋。小黑屋无人不知 | F3: A队 | H3: B队
A4: 风六六 | B4: 4000 | C4: 四 | D4: 小行星神，精通基本所有远程酱油 | F4: 恋如雨止 | G4: 3900 | H4: 风六六 | I4: 4000
A5: Z | B5: 10000 | C5: 二 | D5: 保雨派 | F5: 倪 | G5: 3200 | H5: 懂王 | I5: 5500
A6: 鸭嘴兽 | B6: 3500 | C6: 三 | D6: 行为分12000分，交流分12000分 | F6: Z | G6: 10000 | H6: 熟张 | I6: 3800
A7: 小乐 | B7: 3000 | C7: 一,二,三,四,五 | D7: 辅助优先，其他位置也可客串 | F7: 鸭嘴兽 | G7: 3500 | H7: 绮怀. | I7: 2000
A8: 懂王 | B8: 5500 | C8: 四,五 | D8: 绝活猛犸王 | F8: 小乐 | G8: 3000 | H8: 笑败 | I8: 8300
A9: 熟张 | B9: 3800 | C9: 一 | D9: 来见见世面 | F9: 平均分 | G9: 4720 | H9: 平均分 | I9: 4720
A10: 绮怀. | B10: 2000 | C10: 四,五,三,二,一 | D10: 不仅c打得烂，酱油也玩得一般呀，主要是想见见世面 | F10: 总分 | G10: 23600 | H10: 总分 | I10: 23600
A11: 笑败 | B11: 8300 | C11: 一

Sheet 经验教训总结库
A1: 编号 | B1: 事项 | C1: 解决办法
A2: 1 | B2: 比赛中发送轮盘【技不如人，甘拜下风（GG）】后，取消认输倒计时 | C2: 赛前由队长明确告知所有队员不得发送该轮盘，认输需由全队协商。
A3: 2 | B3: 缺赛/临时退赛
A4: 3
